Amount_history_squared,Credit_History,term_income,LoanAmount,coapp_Incomes_squared,Loan_Amount_Term,Property_Area_freq,Loan_Status
31.5,95.3035658866158,0.06154898273209095,5.499018195067542,0.04513117283950617,18182061.105515942,202,1
32.0,95.3035658866158,0.00015798849053846428,5.5190582420299465,0.046998456790123454,18182061.105515942,179,0
16.5,95.3035658866158,0.12,4.692470062934172,0.023148148148148147,18182061.105515942,202,1
30.0,95.3035658866158,6.471622743223806e-05,5.437049649012061,0.038125,18182061.105515942,202,1
35.25,95.3035658866158,0.06,5.642553735840244,0.046296296296296294,18182061.105515942,202,1
66.75,95.3035658866158,2.0440802499092512e-05,6.475003941066079,0.07417438271604938,18182061.105515942,202,1
23.75,95.3035658866158,0.00015648166621678186,5.142820430255743,0.029699074074074076,18182061.105515942,202,1
158.0,0.0,5.738833346192571e-05,5.788777235714794,0.04274691358024691,18182061.105515942,233,0
42.0,95.3035658866158,0.00015432879406622935,5.868003877475783,0.04268518518518519,18182061.105515942,202,1
87.25,95.3035658866158,2.99227332687972e-06,6.833042244871312,0.1837114197530864,18182061.105515942,233,0
17.5,95.3035658866158,0.00072992700729927,4.764519523455023,0.03009259259259259,18182061.105515942,202,1
27.25,95.3035658866158,0.00010625424279094478,5.315460117251149,0.03348765432098765,18182061.105515942,202,1
50.0,95.3035658866158,5.4785924077757725e-06,6.09460224351975,0.08625771604938272,18182061.105515942,202,1
28.5,95.3035658866158,4.462374927997721e-05,5.372094367228515,0.03621141975308642,18182061.105515942,179,0
4.25,95.3035658866158,0.0001016350539301005,3.115589749012457,0.165625,665029.0186089918,202,1
31.25,95.3035658866158,0.07272727272727272,5.488885626531498,0.03819444444444445,18182061.105515942,202,1
25.0,95.3035658866158,0.06674082313681869,5.207067826664554,0.06243055555555556,5351815.979246842,202,1
76.0,0.0,0.10256410256410256,4.865678677865046,0.027083333333333334,18182061.105515942,202,0
33.25,95.3035658866158,0.07366482504604052,5.567896933924512,0.03770833333333334,18182061.105515942,179,0
28.75,95.3035658866158,2.938151902453357e-05,5.383140296808533,0.0470679012345679,18182061.105515942,202,1
104.0,0.0,0.04699738903394256,5.256328887751378,0.059104938271604936,18182061.105515942,202,0
78.75,95.3035658866158,1.1375636798668293e-05,6.695400518310748,0.08935185185185185,18182061.105515942,202,1
116.0,0.0,9.850812185783034e-05,5.394096253283448,0.0348070987654321,18182061.105515942,233,0
112.0,0.0,9.787252321345943e-05,5.349726425108706,0.04075617283950617,18182061.105515942,179,0
37.75,95.3035658866158,4.2059307829971045e-05,5.73045411984554,0.05125,18182061.105515942,233,0
47.75,95.3035658866158,0.03765690376569038,6.034544677332291,0.07376543209876543,18182061.105515942,233,1
30.5,95.3035658866158,7.088277406824593e-05,5.458023606102438,0.03898148148148148,18182061.105515942,233,1
27.5,95.3035658866158,0.00033154483315006274,5.326979693535691,0.04063271604938272,18182061.105515942,202,1
8.75,95.3035658866158,0.24965325936199723,3.933952135584232,0.011126543209876542,18182061.105515942,202,0
30.0,95.3035658866158,8.289890087571175e-05,5.437049649012061,0.045007716049382716,18182061.105515942,233,1
50.25,95.3035658866158,3.1705974295085916e-05,6.101117072359537,0.05814043209876543,18182061.105515942,202,0
18.5,95.3035658866158,0.11367224502683929,4.832816288934792,0.024436728395061728,18182061.105515942,202,0
26.5,95.3035658866158,0.07672634271099744,5.280295466427225,0.0362037037037037,18182061.105515942,179,0
28.5,95.3035658866158,0.00012938521536708203,5.372094367228515,0.03986882716049383,18182061.105515942,233,1
80.0,95.3035658866158,3.994452149791956e-05,6.716498625080897,0.11959876543209877,18182061.105515942,179,0
31.5,95.3035658866158,8.421517538745999e-05,5.499018195067542,0.03350308641975309,18182061.105515942,202,1
100.0,0.0,0.0002033062107788435,5.207067826664554,0.024367283950617283,18182061.105515942,202,0
36.0,95.3035658866158,0.00016882797742207183,5.669524947494019,0.039552469135802466,18182061.105515942,233,1
46.0,95.3035658866158,6.924639494612111e-06,5.985957168844665,0.08777777777777777,18182061.105515942,202,1
27.5,95.3035658866158,0.00012921881483374562,5.326979693535691,0.041790123456790125,18182061.105515942,233,1
20.0,95.3035658866158,0.1,4.929042380560845,0.027777777777777776,18182061.105515942,202,0
11.75,95.3035658866158,0.0002443711481846278,4.282239086204222,0.023248456790123457,18182061.105515942,202,1
18.75,95.3035658866158,0.15,4.8493500423715155,0.018518518518518517,18182061.105515942,202,1
33.5,95.3035658866158,6.592396000832839e-05,5.5774568347818505,0.04843364197530864,18182061.105515942,233,1
24.0,95.3035658866158,0.07667731629392971,5.1559199359399095,0.03622685185185185,18182061.105515942,202,1
22.0,95.3035658866158,0.10557184750733138,5.047324752098746,0.02631172839506173,18182061.105515942,202,1
11.0,95.3035658866158,0.06372809346787042,4.203656785402587,0.04358796296296296,18182061.105515942,202,1
36.0,95.3035658866158,0.06184504380690603,5.669524947494019,0.04491512345679012,18182061.105515942,202,1
120.0,0.0,3.0415051395100387e-05,5.437049649012061,0.04695216049382716,18182061.105515942,202,0
36.0,95.3035658866158,6.950310109322586e-05,5.669524947494019,0.04841820987654321,18182061.105515942,233,1
25.0,95.3035658866158,0.00013310340951778113,5.207067826664554,0.027561728395061727,18182061.105515942,233,1
30.0,95.3035658866158,0.11665586519766688,5.437049649012061,0.023811728395061727,18182061.105515942,233,1
28.0,95.3035658866158,0.0851063829787234,5.349726425108706,0.03263888888888889,18182061.105515942,233,0
33.5,95.3035658866158,0.0779896013864818,5.5774568347818505,0.035617283950617286,18182061.105515942,202,0
286.0,0.0,0.03130434782608696,6.566405353853221,0.08873456790123457,18182061.105515942,202,0
24.25,95.3035658866158,0.00026381415172391557,5.168891942370215,0.029899691358024692,18182061.105515942,233,1
24.0,95.3035658866158,0.00014210079446185837,5.1559199359399095,0.02872685185185185,18182061.105515942,233,1
33.75,95.3035658866158,7.432847321470234e-05,5.586949787946093,0.04294753086419753,18182061.105515942,179,0
45.0,95.3035658866158,7.09977951240292e-05,5.957403814447651,0.07970679012345679,18182061.105515942,202,1
36.0,95.3035658866158,4.402464499626891e-05,5.669524947494019,0.047962962962962964,18182061.105515942,202,1
30.0,95.3035658866158,2.4978982961280633e-05,5.437049649012061,0.04858024691358025,18182061.105515942,202,1
24.75,95.3035658866158,0.1188511059755695,5.1944634753004895,0.023371913580246914,18182061.105515942,202,1
165.0,0.0,1.51283260255114e-05,5.844713411422057,0.1869753086419753,2249965.792973195,179,0
129.0,0.0,0.07280080889787664,5.5289679821362885,0.038155864197530864,18182061.105515942,179,0
116.0,0.0,0.08641382621219396,5.394096253283448,0.03214506172839506,18182061.105515942,233,0
64.5,95.3035658866158,1.7045655509858993e-05,6.429541445268793,0.07963734567901234,18182061.105515942,233,0
126.0,0.0,3.5407170660202104e-05,5.499018195067542,0.16833333333333333,2249965.792973195,202,0
78.0,95.3035658866158,0.03348837209302326,6.682589111442155,0.08294753086419752,18182061.105515942,202,1
31.25,95.3035658866158,0.008450704225352112,5.488885626531498,1.9722222222222223,83667.03924985418,202,1
136.0,0.0,0.08372093023255814,5.596376749375026,0.033179012345679014,18182061.105515942,233,0
43.0,95.3035658866158,3.828335724625259e-05,5.8984550350689835,0.04841049382716049,18182061.105515942,202,1
24.25,95.3035658866158,0.0001023454157782516,5.168891942370215,0.028935185185185185,18182061.105515942,233,1
20.25,95.3035658866158,0.08571428571428572,4.944419083055399,0.03888888888888889,10488650.963322878,233,1
95.0,0.0,0.07570977917981073,5.142820430255743,0.036689814814814814,18182061.105515942,233,0
46.75,95.3035658866158,0.00011420080689214559,6.006990366055949,0.05432098765432099,18182061.105515942,233,1
28.25,95.3035658866158,0.128,5.360956933573886,0.016276041666666668,43338565.0285183,202,0
44.0,95.3035658866158,1.5953027197695672e-05,5.928245415745656,0.06558641975308642,18182061.105515942,202,0
27.5,95.3035658866158,3.941540818377741e-05,5.326979693535691,0.03103395061728395,18182061.105515942,202,0
180.0,0.0,1.874628940634063e-05,5.957403814447651,0.07963333333333333,10488650.963322878,233,0
32.5,95.3035658866158,7.667912915513018e-05,5.538805665148637,0.042430555555555555,18182061.105515942,233,1
27.75,95.3035658866158,0.093603744149766,5.3384012299350765,0.029675925925925925,18182061.105515942,233,1
31.5,95.3035658866158,0.15031315240083507,5.499018195067542,0.018479938271604938,18182061.105515942,233,1
41.75,95.3035658866158,0.00010170816029997126,5.8602842764338705,0.025146604938271606,18182061.105515942,202,0
66.25,95.3035658866158,7.102693104468778e-05,6.465027701619467,0.06365740740740741,18182061.105515942,233,0
12.5,95.3035658866158,0.06018054162487462,4.3562931073219415,0.06923611111111111,5351815.979246842,202,1
34.0,95.3035658866158,5.617690857535828e-05,5.596376749375026,0.037785493827160496,18182061.105515942,233,1
24.75,95.3035658866158,8.992506993547626e-05,5.1944634753004895,0.04114969135802469,18182061.105515942,233,1
26.0,95.3035658866158,8.020632631854744e-05,5.256328887751378,0.035632716049382715,18182061.105515942,233,1
52.5,95.3035658866158,0.042026616857342984,6.158411078683043,0.06609567901234568,18182061.105515942,202,1
43.75,95.3035658866158,2.0725884972259556e-05,5.920858160667826,0.07609567901234568,18182061.105515942,233,1
32.75,95.3035658866158,4.279113244116992e-05,5.548572359113869,0.04520061728395062,18182061.105515942,233,1
47.0,95.3035658866158,5.629580015191109e-06,6.0139307163264535,0.3674074074074074,2249965.792973195,233,1
20.25,95.3035658866158,0.00010857524249224817,4.944419083055399,0.03929783950617284,18182061.105515942,202,1
30.5,95.3035658866158,0.08710379869344302,5.458023606102438,0.03189043209876543,18182061.105515942,233,1
6.25,95.3035658866158,0.03314917127071823,3.5461188927872858,0.2513888888888889,665029.0186089918,233,1
32.25,95.3035658866158,0.05308168681804777,5.5289679821362885,0.05233024691358025,18182061.105515942,202,0
34.25,95.3035658866158,6.790290186823518e-05,5.605738654521537,0.03692901234567901,18182061.105515942,233,1
12.5,95.3035658866158,0.0003614508637671614,4.3562931073219415,0.02294753086419753,18182061.105515942,233,1
28.75,95.3035658866158,0.04297994269340974,5.383140296808533,0.12925925925925927,2249965.792973195,233,1
32.75,95.3035658866158,2.870712670368823e-05,5.548572359113869,0.04089506172839506,18182061.105515942,233,1
33.25,95.3035658866158,1.6899096527357713e-05,5.567896933924512,0.23305555555555554,2249965.792973195,202,1
37.75,95.3035658866158,2.4843899225139485e-05,5.73045411984554,0.06673611111111111,18182061.105515942,233,1
31.5,95.3035658866158,0.026373626373626374,5.499018195067542,0.10532407407407407,18182061.105515942,202,1
31.5,95.3035658866158,2.803183575586794e-05,5.499018195067542,0.06354166666666666,18182061.105515942,233,1
40.0,95.3035658866158,0.0006290055422377221,5.804993690526823,0.03526234567901235,18182061.105515942,202,1
25.0,95.3035658866158,0.00033836112907349204,5.207067826664554,0.031496913580246914,18182061.105515942,202,1
56.25,95.3035658866158,0.00028140543253187504,6.248938230889079,0.09678240740740741,18182061.105515942,202,1
30.0,95.3035658866158,0.04909314059729988,5.437049649012061,0.05658179012345679,18182061.105515942,179,0
216.0,0.0,2.776963544639689e-05,6.195332768309483,0.05709876543209876,18182061.105515942,202,0
23.5,95.3035658866158,0.0008412389346409925,5.129590824272319,0.012261284722222222,43338565.0285183,233,1
34.0,95.3035658866158,0.06772009029345373,5.596376749375026,0.04101851851851852,18182061.105515942,202,1
34.75,95.3035658866158,6.610577143782624e-05,5.624270938741918,0.040601851851851854,18182061.105515942,233,1
152.0,0.0,2.1265827091813082e-05,5.738940118308521,0.059305555555555556,18182061.105515942,179,0
31.5,95.3035658866158,0.048315662327204405,5.499018195067542,0.057492283950617284,18182061.105515942,233,1
29.5,95.3035658866158,0.07128712871287128,5.415744179928289,0.03896604938271605,18182061.105515942,233,1
46.25,95.3035658866158,0.012343139271754783,5.993003962065365,0.4500925925925926,2249965.792973195,179,1
38.5,95.3035658866158,6.902825096217712e-05,5.755755405233403,0.04205246913580247,18182061.105515942,233,1
21.25,95.3035658866158,0.00018399094764537586,5.004197626349047,0.027870370370370372,18182061.105515942,202,1
43.75,95.3035658866158,7.836765401203205e-05,5.920858160667826,0.05949074074074074,18182061.105515942,179,0
64.75,95.3035658866158,0.034588777863182166,6.434666219986272,0.08030864197530864,18182061.105515942,202,1
45.0,95.3035658866158,5.0572054219985065e-05,5.957403814447651,0.06430555555555556,18182061.105515942,179,1
11.0,95.3035658866158,0.08641382621219396,4.203656785402587,0.03214506172839506,18182061.105515942,233,1
137.0,0.0,4.464145268644016e-06,5.605738654521537,0.08577932098765433,18182061.105515942,233,1
20.25,95.3035658866158,0.1217450118363206,4.944419083055399,0.02281635802469136,18182061.105515942,233,1
48.5,95.3035658866158,8.86591194770294e-05,6.054855299741576,0.048719135802469136,18182061.105515942,179,1
23.25,95.3035658866158,0.09750812567713976,5.11622843580191,0.028487654320987654,18182061.105515942,179,1
92.5,95.3035658866158,0.015124144015460236,6.911848599865702,0.18366512345679012,18182061.105515942,179,1
31.5,95.3035658866158,0.0001336568323701997,5.499018195067542,0.04247685185185185,18182061.105515942,179,1
160.0,0.0,1.2135093524154533e-05,5.804993690526823,0.44330246913580246,2249965.792973195,202,0
45.5,95.3035658866158,5.4497224501770476e-05,5.971754506720374,0.06673611111111111,18182061.105515942,179,0
162.5,95.3035658866158,0.023802439750074383,7.684572450493199,0.08752604166666667,43338565.0285183,202,1
18.5,95.3035658866158,9.669478425647754e-05,4.832816288934792,0.030424382716049383,18182061.105515942,202,1
17.5,95.3035658866158,0.13245033112582782,4.764519523455023,0.020972222222222222,18182061.105515942,233,1
6.25,95.3035658866158,0.03469210754553339,3.5461188927872858,0.24020833333333333,665029.0186089918,233,1
25.5,95.3035658866158,0.0735444330949949,5.231925239067628,0.03777006172839506,18182061.105515942,233,1
72.5,95.3035658866158,5.993357362256832e-06,6.584914158153851,0.09066358024691358,18182061.105515942,233,0
21.0,95.3035658866158,0.078551167357626,4.989504255760655,0.03536265432098765,18182061.105515942,179,0
22.0,95.3035658866158,2.937980216946988e-05,5.047324752098746,0.052592592592592594,18182061.105515942,202,1
242.0,0.0,0.02400160010667378,6.344886541264126,0.11573302469135803,18182061.105515942,233,0
32.25,95.3035658866158,0.0001756868869259675,5.5289679821362885,0.04344135802469136,18182061.105515942,179,0
46.25,95.3035658866158,8.287424454946453e-05,5.993003962065365,0.05497685185185185,18182061.105515942,179,0
42.0,95.3035658866158,0.06645744877238324,5.868003877475783,0.041797839506172836,18182061.105515942,202,1
43.75,95.3035658866158,0.025899280575539568,5.920858160667826,0.21450617283950618,2249965.792973195,233,1
30.5,95.3035658866158,8.695958842993014e-05,5.458023606102438,0.03651234567901235,18182061.105515942,233,1
46.75,95.3035658866158,0.015310028068384792,6.006990366055949,0.36287037037037034,2249965.792973195,202,1
25.0,95.3035658866158,1.7886842468491583e-05,5.207067826664554,0.052592592592592594,18182061.105515942,233,1
17.5,95.3035658866158,0.02421633257096731,4.764519523455023,0.11470679012345679,18182061.105515942,202,1
7.5,95.3035658866158,0.0001771511438796986,3.7549386248062984,0.022862654320987653,18182061.105515942,202,1
56.25,95.3035658866158,0.00012923811260660348,6.248938230889079,0.09001543209876543,18182061.105515942,179,0
31.25,95.3035658866158,0.0005189114391143912,5.488885626531498,0.04390432098765432,18182061.105515942,233,1
118.0,0.0,0.05735223833041262,5.415744179928289,0.04843364197530864,18182061.105515942,179,0
38.0,95.3035658866158,2.559530957420283e-05,5.738940118308521,0.04881944444444444,18182061.105515942,179,1
61.0,95.3035658866158,0.039275583678813,6.355752856124256,0.0707253086419753,18182061.105515942,202,0
28.25,95.3035658866158,0.1578255151249452,5.360956933573886,0.017600308641975308,18182061.105515942,179,0
12.5,95.3035658866158,0.11063306699446834,4.3562931073219415,0.025108024691358026,18182061.105515942,202,1
600.0,0.0,0.00450011250281257,7.573390425215138,1.234537037037037,2249965.792973195,233,1
40.0,95.3035658866158,0.06,5.804993690526823,0.046296296296296294,18182061.105515942,179,1
46.75,95.3035658866158,0.037743761794925564,6.006990366055949,0.07359567901234568,18182061.105515942,202,1
30.0,95.3035658866158,8.29136024140756e-05,5.437049649012061,0.039066358024691356,18182061.105515942,179,1
63.75,95.3035658866158,1.1376129997312705e-05,6.414053711354783,0.07876543209876544,18182061.105515942,233,1
24.5,95.3035658866158,0.00033163096106652516,5.1817389727035925,0.022407407407407407,18182061.105515942,233,1
68.75,95.3035658866158,0.04538005798562965,6.514215085998171,0.06121141975308642,18182061.105515942,202,0
121.0,0.0,0.00021931307489724268,5.447577403199201,0.03371141975308642,18182061.105515942,233,0
39.5,95.3035658866158,0.00017159395531693403,5.788777235714794,0.0433179012345679,18182061.105515942,179,1
18.75,95.3035658866158,0.019307089992491686,4.8493500423715155,0.2877469135802469,2249965.792973195,202,1
45.5,95.3035658866158,3.590212005010739e-05,5.971754506720374,0.05303240740740741,18182061.105515942,179,1
28.0,95.3035658866158,0.078551167357626,5.349726425108706,0.03536265432098765,18182061.105515942,179,0
32.25,95.3035658866158,3.2399367564345144e-05,5.5289679821362885,0.044537037037037035,18182061.105515942,179,1
63.0,0.0,0.21457308895842647,4.635702787671479,0.009709201388888889,43338565.0285183,233,0
50.0,95.3035658866158,0.045,6.09460224351975,0.06172839506172839,18182061.105515942,233,1
23.75,95.3035658866158,0.00011497259340804636,5.142820430255743,0.027692901234567902,18182061.105515942,179,1
175.0,95.3035658866158,0.005795645538318877,7.787930263864848,0.5751444444444445,10488650.963322878,202,1
20.25,95.3035658866158,0.05110732538330494,4.944419083055399,0.1087037037037037,2249965.792973195,179,0
46.75,95.3035658866158,1.1375725585646842e-05,6.006990366055949,0.08744598765432099,18182061.105515942,233,1
21.75,95.3035658866158,0.0006592923595341001,5.033104342987295,0.039197530864197534,18182061.105515942,233,0
29.0,95.3035658866158,9.324509239423093e-05,5.394096253283448,0.042137345679012346,18182061.105515942,179,1
25.25,95.3035658866158,0.00013723664858955034,5.219554334238952,0.028271604938271605,18182061.105515942,179,1
495.0,0.0,2.819206275026916e-06,7.308097839604833,0.12975308641975308,18182061.105515942,233,0
29.0,95.3035658866158,0.096,5.394096253283448,0.028935185185185185,18182061.105515942,233,1
102.0,0.0,0.0002277327214914216,5.231925239067628,0.01642361111111111,43338565.0285183,202,0
180.0,0.0,6.8481554683472545e-06,5.957403814447651,0.10532407407407407,18182061.105515942,202,0
16.75,95.3035658866158,1.4042815373840224e-05,4.710857508128876,0.053850308641975306,18182061.105515942,179,0
18.25,95.3035658866158,0.0391304347826087,4.8160720538367086,0.1419753086419753,2249965.792973195,233,1
65.0,95.3035658866158,0.010636411983690836,6.439772328922521,0.2611574074074074,18182061.105515942,233,0
27.0,95.3035658866158,0.0993103448275862,5.303840756688422,0.02797067901234568,18182061.105515942,233,1
30.0,95.3035658866158,1.5928042766086913e-05,5.437049649012061,0.33871141975308644,18182061.105515942,233,1
66.0,0.0,0.13774104683195593,4.692470062934172,0.0242,10488650.963322878,179,0
14.5,95.3035658866158,7.871558898830134e-05,4.535227196904543,0.03488425925925926,18182061.105515942,179,1
42.0,95.3035658866158,1.283500705390596e-05,5.868003877475783,0.046064814814814815,18182061.105515942,179,1
47.0,95.3035658866158,0.019296740994854202,6.0139307163264535,0.28790123456790123,2249965.792973195,179,1
12.0,95.3035658866158,0.0736949846468782,4.307400067315238,0.0376929012345679,18182061.105515942,179,1
41.0,95.3035658866158,0.03,5.836861115157469,0.09259259259259259,18182061.105515942,233,0
40.0,95.3035658866158,0.05967180507210343,5.804993690526823,0.046550925925925926,18182061.105515942,202,0
19.0,95.3035658866158,0.09331259720062209,4.865678677865046,0.029768518518518517,18182061.105515942,233,1
30.0,95.3035658866158,0.08589835361488905,5.437049649012061,0.032337962962962964,18182061.105515942,179,1
42.5,95.3035658866158,5.393247115286949e-05,5.883313930283431,0.04404320987654321,18182061.105515942,233,0
46.75,95.3035658866158,2.5584839220250856e-05,6.006990366055949,0.09323302469135802,18182061.105515942,179,1
30.0,95.3035658866158,6.434164555903239e-05,5.437049649012061,0.032962962962962965,18182061.105515942,202,1
28.25,95.3035658866158,4.537850208589848e-05,5.360956933573886,0.04808641975308642,18182061.105515942,233,1
20.75,95.3035658866158,0.03272727272727273,4.974645963191771,0.08487654320987655,18182061.105515942,202,0
22.5,95.3035658866158,5.757604836388063e-05,5.0753164632147625,0.03935185185185185,18182061.105515942,233,1
166.0,0.0,0.07312614259597806,5.852520958279458,0.03798611111111111,18182061.105515942,233,1
32.25,95.3035658866158,0.045090180360721446,5.5289679821362885,0.12320987654320988,2249965.792973195,202,0
33.75,95.3035658866158,0.00030602122257178535,5.586949787946093,0.03536265432098765,18182061.105515942,202,1
31.0,95.3035658866158,0.09190707173857544,5.478676475933505,0.030223765432098766,18182061.105515942,233,1
30.0,95.3035658866158,0.08166969147005444,5.437049649012061,0.034012345679012346,18182061.105515942,233,1
20.0,95.3035658866158,0.11097410604192355,4.929042380560845,0.025030864197530863,18182061.105515942,202,1
13.75,95.3035658866158,5.616280724175717e-05,4.470989350661553,0.050200617283950616,18182061.105515942,179,1
14.75,95.3035658866158,0.14521984671238403,4.555952481604272,0.019128086419753085,18182061.105515942,202,1
31.75,95.3035658866158,0.1053247513165594,5.509075352278443,0.026373456790123456,18182061.105515942,233,0
53.5,95.3035658866158,0.036,6.183134333860008,0.07716049382716049,18182061.105515942,233,0
128.0,0.0,0.00022989533376332276,5.5190582420299465,0.03611111111111111,18182061.105515942,233,0
60.0,95.3035658866158,0.04623089764992937,6.333935044920221,0.060084876543209875,18182061.105515942,202,1
32.5,95.3035658866158,0.0631246712256707,5.538805665148637,0.04400462962962963,18182061.105515942,179,1
34.25,95.3035658866158,3.943211618804475e-05,5.605738654521537,0.04779320987654321,18182061.105515942,202,1
25.0,95.3035658866158,0.00037108084511600916,5.207067826664554,0.03729166666666667,18182061.105515942,233,1
33.75,95.3035658866158,0.00011110596731632795,5.586949787946093,0.015046296296296295,18182061.105515942,179,0
32.75,95.3035658866158,0.00011412803643981395,5.548572359113869,0.0424537037037037,18182061.105515942,233,1
72.0,0.0,0.072,4.799111758236017,0.038580246913580245,18182061.105515942,233,0
31.75,95.3035658866158,6.334713597040422e-05,5.509075352278443,0.05143518518518519,18182061.105515942,233,1
60.0,0.0,0.16208914903196758,4.576352615408547,0.017137345679012345,18182061.105515942,202,0
29.0,95.3035658866158,0.0001219471711304977,5.394096253283448,0.044182098765432096,18182061.105515942,233,1
36.0,95.3035658866158,4.6197366442130354e-05,5.669524947494019,0.044459876543209875,18182061.105515942,233,1
43.75,95.3035658866158,0.0003503042781883041,5.920858160667826,0.06626543209876543,18182061.105515942,233,1
32.0,95.3035658866158,0.0576,5.5190582420299465,0.04822530864197531,18182061.105515942,233,1
42.5,95.3035658866158,0.11076923076923077,5.883313930283431,0.02507716049382716,18182061.105515942,179,0
34.5,95.3035658866158,0.07602956705385427,5.615036418918327,0.036535493827160495,18182061.105515942,202,0
52.5,95.3035658866158,0.0001250314749372672,6.158411078683043,0.06130401234567901,18182061.105515942,233,1
39.5,95.3035658866158,0.1008827238335435,5.788777235714794,0.020651041666666668,43338565.0285183,233,1
50.0,95.3035658866158,0.05625,6.09460224351975,0.04938271604938271,18182061.105515942,179,1
26.0,95.3035658866158,8.527962359469248e-05,5.256328887751378,0.035069444444444445,18182061.105515942,233,1
10.5,95.3035658866158,0.04843918191603875,4.148457595689281,0.11469135802469135,2249965.792973195,179,1
30.0,95.3035658866158,5.3311274312717715e-05,5.437049649012061,0.04465277777777778,18182061.105515942,179,1
70.0,95.3035658866158,0.043201728069122765,6.53817808068344,0.06429783950617284,18182061.105515942,233,1
35.0,95.3035658866158,0.00011363650711680191,5.633443091356749,0.03807098765432099,18182061.105515942,233,1
42.5,95.3035658866158,0.000225974515096353,5.883313930283431,0.052160493827160495,18182061.105515942,179,1
63.75,95.3035658866158,0.06265227984684998,6.414053711354783,0.04433641975308642,18182061.105515942,202,0
30.5,95.3035658866158,0.103956107421311,5.458023606102438,0.02672067901234568,18182061.105515942,202,1
28.0,95.3035658866158,0.0944386149003148,5.349726425108706,0.02941358024691358,18182061.105515942,179,1
24.0,95.3035658866158,0.1085972850678733,5.1559199359399095,0.025578703703703704,18182061.105515942,233,1
30.0,95.3035658866158,1.4396649035970387e-05,5.437049649012061,0.08347993827160494,18182061.105515942,179,1
35.0,95.3035658866158,4.5745665788773454e-05,5.633443091356749,0.13867283950617285,2249965.792973195,202,0
38.75,95.3035658866158,1.8459058699991257e-06,5.764086004668665,2.4072222222222224,83667.03924985418,202,1
27.0,95.3035658866158,0.0002122328666175387,5.303840756688422,0.058256172839506175,18182061.105515942,179,1
30.75,95.3035658866158,1.844896005518289e-05,5.468389544813605,0.060362654320987655,18182061.105515942,233,1
30.0,95.3035658866158,9.584185327474841e-06,5.437049649012061,0.32046296296296295,2249965.792973195,202,0
28.0,95.3035658866158,0.037101927238998245,5.349726425108706,0.07486882716049383,18182061.105515942,202,1
34.25,95.3035658866158,0.027239709443099273,5.605738654521537,0.2039506172839506,2249965.792973195,202,1
30.75,95.3035658866158,0.00014119594732332197,5.468389544813605,0.0205078125,43338565.0285183,233,1
22.5,95.3035658866158,0.00010311543228423883,5.0753164632147625,0.028371913580246915,18182061.105515942,202,1
201.0,0.0,2.3787863009397263e-05,6.101117072359537,0.0428858024691358,18182061.105515942,233,0
34.5,95.3035658866158,0.1050481470674059,5.615036418918327,0.0264429012345679,18182061.105515942,202,0
26.0,95.3035658866158,7.662065454471156e-05,5.256328887751378,0.03665123456790124,18182061.105515942,179,1
69.75,95.3035658866158,3.5695260990065177e-06,6.533418020511286,0.3012962962962963,2249965.792973195,233,1
192.0,0.0,0.022153846153846152,6.041348134711954,0.1253858024691358,18182061.105515942,202,0
63.75,95.3035658866158,0.11676938047356471,6.414053711354783,0.02378858024691358,18182061.105515942,179,1
115.0,0.0,0.05955334987593052,5.383140296808533,0.04664351851851852,18182061.105515942,179,0
23.5,95.3035658866158,0.06857142857142857,5.129590824272319,0.04050925925925926,18182061.105515942,202,0
76.0,95.3035658866158,8.13617608312279e-05,6.647847165065956,0.12949845679012345,18182061.105515942,179,0
32.0,95.3035658866158,0.07300750354897587,5.5190582420299465,0.03804783950617284,18182061.105515942,233,0
82.5,95.3035658866158,1.9924085911994317e-05,6.757775514641573,0.07972993827160493,18182061.105515942,202,1
33.5,95.3035658866158,7.374418265942417e-05,5.5774568347818505,0.03293981481481482,18182061.105515942,233,1
38.75,95.3035658866158,0.010341855788566504,5.764086004668665,2.685956790123457,18424.010520130705,233,0
30.0,95.3035658866158,0.05,5.437049649012061,0.05555555555555555,18182061.105515942,179,1
32.0,95.3035658866158,0.06968641114982578,5.5190582420299465,0.03986111111111111,18182061.105515942,233,1
37.75,95.3035658866158,3.028797809573424e-05,5.73045411984554,0.058194444444444444,18182061.105515942,179,1
37.5,95.3035658866158,0.00018667580686728438,5.721914989487689,0.04702932098765432,18182061.105515942,233,1
160.0,0.0,0.00010962060916172512,5.804993690526823,0.047407407407407405,18182061.105515942,202,1
33.75,95.3035658866158,0.1053247513165594,5.586949787946093,0.026373456790123456,18182061.105515942,179,0
22.5,95.3035658866158,0.0001477543796860712,5.0753164632147625,0.034228395061728395,18182061.105515942,202,1
7.5,95.3035658866158,0.11121408711770157,3.7549386248062984,0.02497685185185185,18182061.105515942,202,1
34.0,95.3035658866158,0.032298582451103536,5.596376749375026,0.08600308641975309,18182061.105515942,202,1
31.5,95.3035658866158,0.00010430906544292817,5.499018195067542,0.036188271604938274,18182061.105515942,179,1
37.5,95.3035658866158,7.281039425008226e-05,5.721914989487689,0.03736882716049383,18182061.105515942,233,1
22.5,95.3035658866158,0.09230769230769231,5.0753164632147625,0.03009259259259259,18182061.105515942,233,1
28.75,95.3035658866158,0.00010601599545780357,5.383140296808533,0.0354320987654321,18182061.105515942,233,1
51.75,95.3035658866158,3.3572478177656044e-05,6.139575085717408,0.05607253086419753,18182061.105515942,233,1
20.0,95.3035658866158,0.0002126273475388089,4.929042380560845,0.03397376543209876,18182061.105515942,202,1
109.0,95.3035658866158,0.024686278543509566,7.134553141225669,0.11252314814814815,18182061.105515942,233,1
31.0,95.3035658866158,0.08780487804878048,5.478676475933505,0.031635802469135804,18182061.105515942,179,1
158.0,0.0,6.112543125265195e-05,5.788777235714794,0.049992283950617285,18182061.105515942,202,0
28.0,95.3035658866158,0.000559069583974581,5.349726425108706,0.036473765432098765,18182061.105515942,233,1
19.5,95.3035658866158,0.0001847854600257944,4.897741039379488,0.10144444406790123,2249965.792973195,202,1
13.5,95.3035658866158,0.00012961916808257605,4.448849441768978,0.026828703703703705,18182061.105515942,202,1
32.25,95.3035658866158,0.017419073885905065,5.5289679821362885,0.1594675925925926,18182061.105515942,179,0
22.25,95.3035658866158,3.8610175261238056e-05,5.061394376228148,0.04792438271604938,18182061.105515942,179,1
24.75,95.3035658866158,0.00010167116900493411,5.1944634753004895,0.047966666666666664,10488650.963322878,233,0
30.0,95.3035658866158,8.991673710144406e-05,5.437049649012061,0.04401234567901235,18182061.105515942,179,1
28.75,95.3035658866158,0.08729388942774007,5.383140296808533,0.03182098765432099,18182061.105515942,233,1
46.75,95.3035658866158,0.03786285233487589,6.006990366055949,0.07336419753086419,18182061.105515942,179,1
34.75,95.3035658866158,6.16424528833343e-05,5.624270938741918,0.042368827160493824,18182061.105515942,179,1
127.0,0.0,0.08181818181818182,5.509075352278443,0.033950617283950615,18182061.105515942,233,0
33.5,95.3035658866158,0.00014773758357946004,5.5774568347818505,0.03636574074074074,18182061.105515942,202,1
143.0,0.0,0.08860993169651099,5.660593848311518,0.023511284722222223,43338565.0285183,202,0
43.0,95.3035658866158,3.2380102103456405e-05,5.8984550350689835,0.044112654320987654,18182061.105515942,233,1
27.5,95.3035658866158,0.00022975066946792297,5.326979693535691,0.04371913580246914,18182061.105515942,202,1
50.0,95.3035658866158,0.05236363636363636,6.09460224351975,0.05304783950617284,18182061.105515942,233,1
33.75,95.3035658866158,0.07715387912558937,5.586949787946093,0.03600308641975308,18182061.105515942,202,1
37.75,95.3035658866158,7.428407561437961e-05,5.73045411984554,0.032730034722222225,43338565.0285183,179,0
28.25,95.3035658866158,4.20676777788827e-05,5.360956933573886,0.03810956790123457,18182061.105515942,202,0
93.0,0.0,4.181108913706093e-05,5.11622843580191,0.03652777777777778,18182061.105515942,202,0
26.25,95.3035658866158,0.0001174407698894915,5.268365803910696,0.03568672839506173,18182061.105515942,233,1
33.0,95.3035658866158,0.072,5.558269108304997,0.038580246913580245,18182061.105515942,179,1
24.0,95.3035658866158,0.0001106863352184856,5.1559199359399095,0.026450617283950616,18182061.105515942,202,1
35.0,95.3035658866158,5.756315957787016e-05,5.633443091356749,0.05015432098765432,18182061.105515942,179,1
32.25,95.3035658866158,0.18,5.5289679821362885,0.015432098765432098,18182061.105515942,202,0
33.75,95.3035658866158,0.00012952817921518876,5.586949787946093,0.041882716049382714,18182061.105515942,179,1
104.0,0.0,0.00010365173707354868,5.256328887751378,0.032893518518518516,18182061.105515942,202,0
120.0,95.3035658866158,0.01779271487174418,7.265912692919988,0.15611882716049383,18182061.105515942,179,0
46.25,95.3035658866158,0.04695448023998956,5.993003962065365,0.05915895061728395,18182061.105515942,179,1
21.0,95.3035658866158,0.12341446691806651,4.989504255760655,0.022507716049382717,18182061.105515942,233,1
27.75,95.3035658866158,6.220891412266768e-05,5.3384012299350765,0.04114197530864198,18182061.105515942,233,1
14.0,95.3035658866158,0.14359792580773834,4.492757310675145,0.019344135802469135,18182061.105515942,179,1
36.0,95.3035658866158,0.01461886529759833,5.669524947494019,0.8143424036281179,228380.1352893292,179,1
39.75,95.3035658866158,0.0001059097025643681,5.796909501994244,0.03330246913580247,18182061.105515942,179,0
27.75,95.3035658866158,6.683998025992583e-05,5.3384012299350765,0.15552469135802469,2249965.792973195,202,1
30.0,95.3035658866158,0.09685230024213075,5.437049649012061,0.028680555555555556,18182061.105515942,233,1
22.0,95.3035658866158,7.901643849206784e-05,5.047324752098746,0.03234567901234568,18182061.105515942,202,1
28.0,95.3035658866158,0.10166619598983338,5.349726425108706,0.02732253086419753,18182061.105515942,233,1
38.75,95.3035658866158,0.036,5.764086004668665,0.07716049382716049,18182061.105515942,179,0
28.75,95.3035658866158,7.662363894600778e-05,5.383140296808533,0.0352391975308642,18182061.105515942,233,1
31.0,95.3035658866158,0.008985847290517435,5.478676475933505,0.03496141975308642,18182061.105515942,233,1
31.5,95.3035658866158,0.00014219688659916792,5.499018195067542,0.04005401234567901,18182061.105515942,179,1
33.0,95.3035658866158,4.038866913837842e-05,5.558269108304997,0.04746141975308642,18182061.105515942,179,1
75.0,95.3035658866158,0.024,6.630150694391733,0.11574074074074074,18182061.105515942,179,1
376.0,0.0,1.4493363348015245e-05,6.933587659801295,0.10531635802469136,18182061.105515942,179,0
130.0,0.0,0.07321537522879805,5.538805665148637,0.037939814814814815,18182061.105515942,179,1
46.0,95.3035658866158,7.70643945799755e-05,5.985957168844665,0.061558641975308644,18182061.105515942,233,1
27.5,95.3035658866158,5.988288903002029e-05,5.326979693535691,0.05234567901234568,18182061.105515942,202,0
16.75,95.3035658866158,0.144,4.710857508128876,0.019290123456790122,18182061.105515942,202,1
29.25,95.3035658866158,0.00011182787949800466,5.404963729193043,0.04766203703703704,18182061.105515942,202,1
24.5,95.3035658866158,0.12265758091993186,5.1817389727035925,0.022646604938271604,18182061.105515942,233,1
17.75,95.3035658866158,0.12707377338510412,4.7819295964549084,0.02185956790123457,18182061.105515942,202,1
122.5,95.3035658866158,0.002841940729747225,7.294172223304125,1.9548456790123456,2249965.792973195,202,1
45.5,95.3035658866158,5.341686940347008e-05,5.971754506720374,0.36006172839506173,2249965.792973195,202,1
17.5,95.3035658866158,1.7852181261329007e-05,4.764519523455023,0.07710648148148148,18182061.105515942,233,1
40.0,95.3035658866158,0.0007522033289176212,5.804993690526823,0.0458179012345679,18182061.105515942,179,1
44.0,95.3035658866158,1.7011222681630243e-05,5.928245415745656,0.05478395061728395,18182061.105515942,179,1
129.0,0.0,0.19672131147540983,5.5289679821362885,0.01412037037037037,18182061.105515942,202,0
17.75,95.3035658866158,0.08653846153846154,4.7819295964549084,0.03209876543209877,18182061.105515942,233,1
43.25,95.3035658866158,0.0001427882418642433,5.905963419951044,0.032669753086419756,18182061.105515942,179,0
11.5,95.3035658866158,0.15138772077375945,4.256575800269004,0.018348765432098766,18182061.105515942,179,0
39.5,95.3035658866158,0.0002376245466156654,5.788777235714794,0.04462191358024691,18182061.105515942,202,1
18.5,95.3035658866158,0.1134572959344469,4.832816288934792,0.024483024691358025,18182061.105515942,233,1
31.25,95.3035658866158,6.628024058990887e-05,5.488885626531498,0.03790895061728395,18182061.105515942,179,1
40.0,95.3035658866158,5.9560611442619225e-05,5.804993690526823,0.03824845679012346,18182061.105515942,233,1
152.0,0.0,3.449457730871966e-05,5.738940118308521,0.05210648148148148,18182061.105515942,179,0
31.5,95.3035658866158,7.654188850525811e-05,5.499018195067542,0.04051697530864198,18182061.105515942,202,1
64.75,95.3035658866158,1.7134516712864813e-05,6.434666219986272,0.0842283950617284,18182061.105515942,233,1
46.75,95.3035658866158,9.215380726415185e-06,6.006990366055949,0.06847993827160494,18182061.105515942,179,1
57.0,95.3035658866158,0.03963448199933942,6.266357342836272,0.07008487654320987,18182061.105515942,233,1
77.0,95.3035658866158,2.0722240299818583e-05,6.665324808516541,0.0996682098765432,18182061.105515942,179,0
23.75,95.3035658866158,8.291959908373842e-05,5.142820430255743,0.03664351851851852,18182061.105515942,179,1
105.0,0.0,0.06545454545454546,5.268365803910696,0.04243827160493827,18182061.105515942,179,0
32.5,95.3035658866158,0.0013983406357788758,5.538805665148637,0.02259259259259259,18182061.105515942,233,1
29.0,95.3035658866158,0.04720692368214005,5.394096253283448,0.11768518518518518,2249965.792973195,202,1
41.25,95.3035658866158,3.586292472910043e-05,5.844713411422057,0.08873456790123457,18182061.105515942,179,1
16.75,95.3035658866158,0.09290322580645162,4.710857508128876,0.029899691358024692,18182061.105515942,202,0
100.0,0.0,0.00017275160191120855,5.207067826664554,0.020251736111111113,43338565.0285183,202,0
50.0,95.3035658866158,3.5874239266826217e-05,6.09460224351975,0.06430555555555556,18182061.105515942,233,1
20.25,95.3035658866158,0.07622273978403557,4.944419083055399,0.0364429012345679,18182061.105515942,233,0
59.0,95.3035658866158,2.6762040632360258e-05,6.3117709414567305,0.066875,18182061.105515942,233,1
32.5,95.3035658866158,6.608367404668335e-05,5.538805665148637,0.05465277777777778,18182061.105515942,202,1
23.75,95.3035658866158,3.2601246975962666e-05,5.142820430255743,0.06717777777777778,10488650.963322878,202,1
35.25,95.3035658866158,0.052770448548812667,5.642553735840244,0.05263888888888889,18182061.105515942,179,1
33.25,95.3035658866158,0.05791505791505792,5.567896933924512,0.047962962962962964,18182061.105515942,179,0
24.0,95.3035658866158,0.192,5.1559199359399095,0.010850694444444444,43338565.0285183,233,0
124.0,0.0,0.0702576112412178,5.478676475933505,0.03953703703703704,18182061.105515942,179,0
43.75,95.3035658866158,0.05691699604743083,5.920858160667826,0.048804012345679014,18182061.105515942,233,1
142.5,95.3035658866158,1.2972745774614542e-05,7.502389180047687,0.19287037037037036,18182061.105515942,179,0
13.75,95.3035658866158,0.022844089091947458,4.470989350661553,0.12159722222222222,18182061.105515942,233,1
38.75,95.3035658866158,0.06943105110896818,5.764086004668665,0.04000771604938272,18182061.105515942,233,1
95.0,95.3035658866158,4.839220761573335e-06,6.947898752905081,0.19106666666666666,10488650.963322878,179,1
111.0,0.0,4.5555423107380966e-05,5.3384012299350765,0.15583333333333332,2249965.792973195,202,0
27.5,95.3035658866158,0.0001688995024502157,5.326979693535691,0.03258487654320988,18182061.105515942,202,1
30.0,95.3035658866158,0.00021009727503834276,5.437049649012061,0.17716049382716048,2249965.792973195,202,1
32.5,95.3035658866158,1.4418013289082848e-05,5.538805665148637,0.10606481481481482,18182061.105515942,179,1
32.5,95.3035658866158,0.08352668213457076,5.538805665148637,0.03325617283950617,18182061.105515942,233,1
17.75,95.3035658866158,0.15640273704789834,4.7819295964549084,0.0133203125,43338565.0285183,202,0
32.5,95.3035658866158,0.0667779632721202,5.538805665148637,0.04159722222222222,18182061.105515942,202,1
32.0,95.3035658866158,5.756929944399251e-05,5.5190582420299465,0.045007716049382716,18182061.105515942,233,1
74.0,95.3035658866158,2.0094034499782735e-05,6.612229693418767,0.07849537037037037,18182061.105515942,233,1
39.0,95.3035658866158,0.06,5.772366094799599,0.046296296296296294,18182061.105515942,202,1
32.0,95.3035658866158,0.05023022185014651,5.5190582420299465,0.05530092592592593,18182061.105515942,202,1
25.0,95.3035658866158,0.07884362680683311,5.207067826664554,0.03523148148148148,18182061.105515942,202,0
28.25,95.3035658866158,0.04908644668666485,5.360956933573886,0.11317901234567901,2249965.792973195,202,1
33.0,95.3035658866158,0.00014049624835990143,5.558269108304997,0.03044753086419753,18182061.105515942,233,1
129.0,0.0,3.6594640958795854e-05,5.5289679821362885,0.04742283950617284,18182061.105515942,202,0
34.0,95.3035658866158,6.159930269589349e-05,5.596376749375026,0.03665123456790124,18182061.105515942,202,1
31.25,95.3035658866158,0.06559766763848396,5.488885626531498,0.04234567901234568,18182061.105515942,179,1
46.25,95.3035658866158,0.03927129922548271,5.993003962065365,0.07073302469135802,18182061.105515942,179,1
68.75,95.3035658866158,0.03787878787878788,6.514215085998171,0.07333333333333333,18182061.105515942,179,1
30.0,95.3035658866158,8.043240460716814e-05,5.437049649012061,0.03625,18182061.105515942,202,1
28.25,95.3035658866158,6.811427152921837e-05,5.360956933573886,0.11166666666666666,2249965.792973195,233,1
28.25,95.3035658866158,0.0001833834241760481,5.360956933573886,0.034722222222222224,18182061.105515942,202,1
33.75,95.3035658866158,0.0015155852685111901,5.586949787946093,0.029012345679012345,18182061.105515942,233,1
71.0,0.0,0.11320754716981132,4.7819295964549084,0.024537037037037038,18182061.105515942,202,0
23.75,95.3035658866158,0.00016887818910041403,5.142820430255743,0.03466049382716049,18182061.105515942,202,1
27.25,95.3035658866158,0.00012952165494135908,5.315460117251149,0.04296296296296296,18182061.105515942,179,1
103.0,0.0,0.00011105969458583989,5.244182718329294,0.02546296296296296,18182061.105515942,233,0
45.0,0.0,0.06230529595015576,4.230389168148191,0.08916666666666667,2249965.792973195,202,0
16.25,95.3035658866158,0.1088929219600726,4.673820386626401,0.03061111111111111,10488650.963322878,179,0
25.75,95.3035658866158,8.99994375035156e-07,5.244182718329294,0.1736111111111111,18182061.105515942,233,1
13.25,95.3035658866158,0.18339276617422312,4.426324289631512,0.015146604938271606,18182061.105515942,233,1
48.5,95.3035658866158,0.048380594006181964,6.054855299741576,0.057415123456790125,18182061.105515942,179,0
28.75,95.3035658866158,0.07917308115240818,5.383140296808533,0.035084876543209874,18182061.105515942,233,1
28.75,95.3035658866158,6.247649538793304e-05,5.383140296808533,0.0352391975308642,18182061.105515942,202,1
16.5,95.3035658866158,0.16267510167193855,4.692470062934172,0.017075617283950618,18182061.105515942,179,1
152.0,0.0,0.03614457831325301,5.738940118308521,0.09222222222222222,10488650.963322878,233,0
360.0,0.0,0.0044444444444444444,6.874864522459201,0.625,18182061.105515942,179,0
15.5,95.3035658866158,0.09309542280837858,4.61621817527443,0.029837962962962962,18182061.105515942,233,0
40.0,95.3035658866158,0.05754475703324808,5.804993690526823,0.0482716049382716,18182061.105515942,202,1
218.0,0.0,0.05905511811023622,6.207425003539423,0.04703703703703704,18182061.105515942,179,0
27.5,95.3035658866158,8.705446853005145e-05,5.326979693535691,0.03307098765432099,18182061.105515942,179,1
178.0,0.0,3.4350102735432264e-05,5.942901887633854,0.04155864197530864,18182061.105515942,233,0
15.0,95.3035658866158,0.12020033388981637,4.576352615408547,0.023109567901234567,18182061.105515942,202,1
40.0,95.3035658866158,0.13846153846153847,5.804993690526823,0.020061728395061727,18182061.105515942,202,0
59.75,95.3035658866158,8.999964000143999e-07,6.328426922824795,0.16666666666666666,18182061.105515942,202,0
28.0,95.3035658866158,4.6810671896979075e-05,5.349726425108706,0.029305555555555557,18182061.105515942,179,1
34.5,95.3035658866158,0.00017900339857841467,5.615036418918327,0.035979938271604936,18182061.105515942,233,1
34.5,95.3035658866158,0.06176016469377252,5.615036418918327,0.04497685185185185,18182061.105515942,179,1
80.0,0.0,0.1323529411764706,4.929042380560845,0.020987654320987655,18182061.105515942,202,0
25.0,95.3035658866158,0.00012175402912829865,5.207067826664554,0.027307098765432098,18182061.105515942,202,1
110.0,0.0,0.00012921106951232513,5.326979693535691,0.06880401234567901,18182061.105515942,202,0
24.0,95.3035658866158,0.024193548387096774,5.1559199359399095,0.11481481481481481,18182061.105515942,233,1
30.25,95.3035658866158,1.946717687974249e-05,5.447577403199201,0.05375,18182061.105515942,179,1
20.25,95.3035658866158,0.07815892314372558,4.944419083055399,0.035540123456790126,18182061.105515942,179,0
33.25,95.3035658866158,0.060657118786857624,5.567896933924512,0.045794753086419754,18182061.105515942,233,1
21.75,95.3035658866158,0.11321272978222464,5.033104342987295,0.02265524692006173,18182061.105515942,179,1
15.0,95.3035658866158,0.06624953993375046,4.576352615408547,0.08385802469135803,2249965.792973195,202,1
37.5,95.3035658866158,0.041743970315398886,5.721914989487689,0.0665432098765432,18182061.105515942,233,1
105.0,0.0,0.055384615384615386,5.268365803910696,0.05015432098765432,18182061.105515942,179,0
101.25,95.3035658866158,0.027958993476234855,7.034239322887643,0.09935185185185186,18182061.105515942,233,1
35.75,95.3035658866158,6.571711520119022e-05,5.660593848311518,0.03676697530864197,18182061.105515942,233,1
25.0,95.3035658866158,0.096,5.207067826664554,0.028935185185185185,18182061.105515942,202,1
31.5,95.3035658866158,0.02388772767990445,5.499018195067542,0.17442708333333334,5351815.979246842,233,1
12.5,95.3035658866158,0.00010501361238950599,4.3562931073219415,0.02914351851851852,18182061.105515942,233,1
31.5,95.3035658866158,0.000283947949185937,5.499018195067542,0.025756172839506174,18182061.105515942,202,1
187.0,0.0,0.03456221198156682,6.006990366055949,0.08037037037037037,18182061.105515942,202,0
34.5,95.3035658866158,0.0504060487258471,5.615036418918327,0.055108024691358025,18182061.105515942,179,1
46.75,95.3035658866158,1.4036315691711976e-05,6.006990366055949,0.06731481481481481,18182061.105515942,233,1
45.0,95.3035658866158,0.00010689502611504873,5.957403814447651,0.07510802469135802,18182061.105515942,179,1
37.0,95.3035658866158,9.052604685829354e-05,5.704674568096499,0.05169753086419753,18182061.105515942,233,1
38.0,95.3035658866158,0.00954426151276545,5.738940118308521,0.29104166666666664,18182061.105515942,233,1
43.75,95.3035658866158,4.319889424654375e-06,5.920858160667826,0.17406666666666668,10488650.963322878,179,1
32.5,95.3035658866158,0.0002453041294224587,5.538805665148637,0.03608024691358025,18182061.105515942,179,1
27.5,95.3035658866158,0.07738607050730868,5.326979693535691,0.03589506172839506,18182061.105515942,179,1
13.75,95.3035658866158,0.0001897818299712955,4.470989350661553,0.037924382716049386,18182061.105515942,179,0
150.0,0.0,0.00012297433935452135,5.721914989487689,0.03896604938271605,18182061.105515942,179,0
47.5,95.3035658866158,0.00015122663705985172,6.0277075191667855,0.03326388888888889,18182061.105515942,233,0
125.0,0.0,0.00022823320869264213,5.488885626531498,0.0275,18182061.105515942,179,0
15.0,95.3035658866158,0.00014138312281386346,4.576352615408547,0.03793333333333333,10488650.963322878,202,1
149.0,0.0,0.00011971121664172129,5.713322039378512,0.043834876543209875,18182061.105515942,179,0
90.0,0.0,2.9587554422607918e-05,5.0753164632147625,0.15274691358024692,2249965.792973195,179,1
21.0,95.3035658866158,0.05081157374735357,4.989504255760655,0.05466820987654321,18182061.105515942,233,1
24.0,95.3035658866158,0.09328841668826121,5.1559199359399095,0.029776234567901235,18182061.105515942,233,1
29.5,95.3035658866158,0.08370146477563357,5.415744179928289,0.033186728395061725,18182061.105515942,202,1
43.25,95.3035658866158,5.451680018487253e-05,5.905963419951044,0.04843364197530864,18182061.105515942,202,0
34.0,95.3035658866158,0.08268259072117592,5.596376749375026,0.033595679012345676,18182061.105515942,179,1
40.0,95.3035658866158,0.04319654427645788,5.804993690526823,0.06430555555555556,18182061.105515942,233,0
40.0,95.3035658866158,2.159183137835294e-05,5.804993690526823,0.04757716049382716,18182061.105515942,233,1
32.0,95.3035658866158,0.023255813953488372,5.5190582420299465,0.2388888888888889,2249965.792973195,202,1
38.25,95.3035658866158,7.515094380191547e-05,5.747373659517066,0.0401466049382716,18182061.105515942,179,1
33.0,95.3035658866158,0.06935079946060489,5.558269108304997,0.04005401234567901,18182061.105515942,233,1
98.0,0.0,0.08641382621219396,5.1817389727035925,0.03214506172839506,18182061.105515942,233,0
35.0,95.3035658866158,0.06,5.633443091356749,0.046296296296296294,18182061.105515942,179,1
70.0,0.0,6.49387429230299e-05,4.764519523455023,0.1423148148148148,2249965.792973195,202,0
27.5,95.3035658866158,0.021567217828900073,5.326979693535691,0.1287962962962963,18182061.105515942,233,1
24.5,95.3035658866158,4.2307652079262447e-05,5.1817389727035925,0.024128086419753086,18182061.105515942,233,1
27.5,95.3035658866158,5.988288903002029e-05,5.326979693535691,0.05234567901234568,18182061.105515942,202,0
40.5,95.3035658866158,8.322369767049935e-05,5.821020144702351,0.04266203703703704,18182061.105515942,233,1
113.0,0.0,7.990578220436081e-05,5.360956933573886,0.12817901234567902,2249965.792973195,179,0
25.0,95.3035658866158,0.07674269878490728,5.207067826664554,0.036195987654320985,18182061.105515942,233,1
23.25,95.3035658866158,0.144,5.11622843580191,0.019290123456790122,18182061.105515942,202,1
40.5,95.3035658866158,1.6659388981739272e-05,5.821020144702351,0.07854938271604939,18182061.105515942,179,1
37.5,95.3035658866158,0.000344589608134612,5.721914989487689,0.13533179012345678,18182061.105515942,179,1
57.5,95.3035658866158,9.774534080542161e-05,6.277850211778067,0.09388888888888888,10488650.963322878,233,1
132.0,0.0,0.00010264431719717147,5.558269108304997,0.036612654320987655,18182061.105515942,233,0
21.5,95.3035658866158,7.087776401130343e-05,5.018729791630898,0.14596450617283951,18182061.105515942,233,1
32.25,95.3035658866158,0.00013993864467867756,5.5289679821362885,0.03510802469135803,18182061.105515942,202,0
38.5,95.3035658866158,0.08275862068965517,5.755755405233403,0.03356481481481482,18182061.105515942,179,1
28.25,95.3035658866158,0.11631663974151858,5.360956933573886,0.023881172839506172,18182061.105515942,179,1
32.0,95.3035658866158,3.627356434018437e-05,5.5190582420299465,0.04037808641975309,18182061.105515942,233,1
58.5,95.3035658866158,0.033231791747438386,6.300555464370271,0.08358796296296296,18182061.105515942,233,1
61.5,95.3035658866158,0.043201728069122765,6.366535339352774,0.06429783950617284,18182061.105515942,233,1
32.75,95.3035658866158,6.064634856758379e-05,5.548572359113869,0.03390432098765432,18182061.105515942,179,1
80.0,0.0,0.10149422046800113,4.929042380560845,0.02736882716049383,18182061.105515942,179,0
125.0,95.3035658866158,0.019636720667648502,7.321890907730275,0.14145833333333332,18182061.105515942,202,0
40.0,95.3035658866158,8.288300235387726e-05,5.804993690526823,0.05143518518518519,18182061.105515942,233,1
18.75,95.3035658866158,0.14784394250513347,4.8493500423715155,0.01878858024691358,18182061.105515942,202,0
24.0,95.3035658866158,4.639818614024316e-05,5.1559199359399095,0.04231481481481481,18182061.105515942,233,1
46.5,95.3035658866158,0.00028026600357806264,6.000014903580609,0.04987654320987654,18182061.105515942,202,1
27.5,95.3035658866158,0.09753454348415064,5.326979693535691,0.02847993827160494,18182061.105515942,179,1
56.25,95.3035658866158,0.020853849273011642,6.248938230889079,0.13320216049382716,18182061.105515942,233,1
119.0,0.0,7.731550266029758e-05,5.426439024959165,0.044398148148148145,18182061.105515942,179,0
26.25,95.3035658866158,0.00010037101428494614,5.268365803910696,0.6007653061224489,228380.1352893292,233,1
26.75,95.3035658866158,0.00012445550715619165,5.292119820056807,0.033179012345679014,18182061.105515942,179,1
27.75,95.3035658866158,1.4693144692946336e-06,5.3384012299350765,51.958333333333336,776.8552193021378,202,1
23.75,95.3035658866158,0.12435233160621761,5.142820430255743,0.022337962962962962,18182061.105515942,233,1
209.0,0.0,1.8454592909878688e-05,6.1521608033345005,0.08255401234567901,18182061.105515942,179,0
28.25,95.3035658866158,3.538483291060745e-05,5.360956933573886,0.018784722222222223,43338565.0285183,179,1
25.0,95.3035658866158,0.11396011396011396,5.207067826664554,0.024375,18182061.105515942,233,1
52.0,95.3035658866158,1.1380073888923081e-05,6.145882227172071,0.08093364197530864,18182061.105515942,233,1
34.5,95.3035658866158,1.2804437050435327e-05,5.615036418918327,0.0721604938271605,18182061.105515942,179,0
31.0,95.3035658866158,0.0001361715725501713,5.478676475933505,0.05885555555555556,10488650.963322878,233,1
60.75,95.3035658866158,1.8457216633274487e-05,6.350330261249229,0.06115740740740741,18182061.105515942,179,1
120.0,95.3035658866158,8.095395784124757e-06,7.265912692919988,0.21219135802469136,18182061.105515942,202,1
24.0,95.3035658866158,0.10047446274072007,5.1559199359399095,0.027646604938271604,18182061.105515942,202,0
47.0,95.3035658866158,3.9644747819759115e-05,6.0139307163264535,0.04237654320987654,18182061.105515942,202,1
10.0,95.3035658866158,0.027145226964258785,4.090766780056818,0.10233024691358025,18182061.105515942,202,1
25.0,95.3035658866158,0.00021687178118601154,5.207067826664554,0.0376929012345679,18182061.105515942,179,0
62.5,95.3035658866158,8.950590502777045e-05,6.387854050804149,0.062260802469135804,18182061.105515942,233,1
37.0,95.3035658866158,8.686193873917001e-05,5.704674568096499,0.04103395061728395,18182061.105515942,202,1
17.5,95.3035658866158,4.050615956915488e-06,4.764519523455023,0.2714814814814815,2249965.792973195,233,0
77.75,95.3035658866158,2.67750142409607e-05,6.678292744156263,0.07315586419753087,18182061.105515942,179,0
37.5,95.3035658866158,3.062617772541079e-05,5.721914989487689,0.05319444444444445,18182061.105515942,179,1
28.25,95.3035658866158,0.00018008182467908857,5.360956933573886,0.0158984375,43338565.0285183,233,1
123.0,0.0,0.0001110057926522799,5.468389544813605,0.03760802469135802,18182061.105515942,233,0
46.25,95.3035658866158,9.804167206803656e-05,5.993003962065365,0.050910493827160494,18182061.105515942,233,0
23.75,95.3035658866158,0.10588235294117647,5.142820430255743,0.026234567901234566,18182061.105515942,179,0
11.25,95.3035658866158,0.00011854755535182939,4.230389168148191,0.030354938271604938,18182061.105515942,233,1
13.75,95.3035658866158,0.144,4.470989350661553,0.019290123456790122,18182061.105515942,233,1
25.0,95.3035658866158,0.00017703876116143327,5.207067826664554,0.05479166666666667,18182061.105515942,179,1
120.0,95.3035658866158,7.009413486547689e-06,7.265912692919988,0.11662037037037037,18182061.105515942,179,1
32.25,95.3035658866158,8.256409209657522e-05,5.5289679821362885,0.05221450617283951,18182061.105515942,233,0
100.0,95.3035658866158,0.02057142857142857,7.017382524015811,0.13503086419753085,18182061.105515942,179,1
27.5,95.3035658866158,0.09536423841059603,5.326979693535691,0.029128086419753087,18182061.105515942,233,1
161.0,0.0,0.00017559390981789448,5.813030381532888,0.051813271604938274,18182061.105515942,233,1
23.5,95.3035658866158,0.00021202874403006568,5.129590824272319,0.03071759259259259,18182061.105515942,233,1
32.5,95.3035658866158,0.05307386112339673,5.538805665148637,0.05233796296296296,18182061.105515942,233,1
54.0,95.3035658866158,1.1900423208800362e-05,6.195332768309483,0.050347222222222224,18182061.105515942,179,1
25.0,95.3035658866158,0.08409250175192712,5.207067826664554,0.033032407407407406,18182061.105515942,202,1
110.0,0.0,0.10033444816053512,5.326979693535691,0.027685185185185184,18182061.105515942,179,0
49.0,95.3035658866158,0.032,6.068231668663951,0.08680555555555555,18182061.105515942,233,0
31.25,95.3035658866158,0.01981833195706028,5.488885626531498,0.14016203703703703,18182061.105515942,202,1
31.5,95.3035658866158,8.628305539803571e-05,5.499018195067542,0.0354320987654321,18182061.105515942,179,1
81.0,95.3035658866158,2.358649879980756e-05,6.733153821675438,0.07746141975308642,18182061.105515942,202,1
26.75,95.3035658866158,0.09952999723527785,5.292119820056807,0.02790895061728395,18182061.105515942,233,1
16.5,95.3035658866158,0.0012404682078335568,4.692470062934172,0.026643518518518518,18182061.105515942,179,0
39.25,95.3035658866158,0.028050490883590462,5.780596300675379,0.19805555555555557,2249965.792973195,179,1
35.0,95.3035658866158,2.222597319819283e-05,5.633443091356749,0.23003086419753085,2249965.792973195,233,1
99.0,0.0,0.16838166510757718,5.1944634753004895,0.016496913580246915,18182061.105515942,233,0
23.75,95.3035658866158,0.09857612267250822,5.142820430255743,0.028179012345679013,18182061.105515942,233,1
32.0,95.3035658866158,5.648994988870695e-05,5.5190582420299465,0.036751543209876544,18182061.105515942,202,1
25.5,95.3035658866158,0.0008134012372736598,5.231925239067628,0.028395061728395062,18182061.105515942,233,1
38.75,95.3035658866158,9.460568874518168e-05,5.764086004668665,0.03640432098765432,18182061.105515942,179,1
20.0,95.3035658866158,0.01072066706372841,4.929042380560845,2.5910493827160495,18424.010520130705,233,0
36.25,95.3035658866158,0.000113150082583845,5.6783978018637455,0.033248456790123455,18182061.105515942,179,1
103.0,0.0,0.072,5.244182718329294,0.038580246913580245,18182061.105515942,233,0
27.5,95.3035658866158,8.851644229797536e-05,5.326979693535691,0.03704475308641975,18182061.105515942,179,1
129.0,0.0,0.054274084124830396,5.5289679821362885,0.051180555555555556,18182061.105515942,179,0
31.5,95.3035658866158,6.379453057592107e-05,5.499018195067542,0.03755401234567901,18182061.105515942,179,1
39.5,95.3035658866158,3.407208877899168e-05,5.788777235714794,0.05079475308641975,18182061.105515942,202,1
181.0,0.0,6.611153787741194e-05,5.96459786219346,0.03693672839506173,18182061.105515942,202,0
132.0,0.0,9.88883357856725e-06,5.558269108304997,0.24256172839506174,2249965.792973195,179,0
6.5,95.3035658866158,0.00033629396576527427,3.5907661182686557,0.05015432098765432,18182061.105515942,233,1
21.0,95.3035658866158,0.00013619380681362484,4.989504255760655,0.033117283950617284,18182061.105515942,202,1
65.0,95.3035658866158,0.035506460203175855,6.439772328922521,0.07823302469135802,18182061.105515942,233,1
40.5,95.3035658866158,5.0508961973486164e-05,5.821020144702351,0.05058641975308642,18182061.105515942,233,1
45.5,95.3035658866158,6.764608171346021e-05,5.971754506720374,0.0500462962962963,18182061.105515942,233,1
27.0,95.3035658866158,0.005784154629733768,5.303840756688422,0.030223765432098766,18182061.105515942,233,1
150.0,95.3035658866158,0.018476698829809075,7.573390425215138,0.1503395061728395,18182061.105515942,233,1
52.75,95.3035658866158,8.521034766058541e-05,6.1646333140082294,0.061550925925925926,18182061.105515942,179,1
33.0,95.3035658866158,0.06206896551724138,5.558269108304997,0.044753086419753084,18182061.105515942,233,1
258.0,0.0,0.040913740197749744,6.429541445268793,0.06789351851851852,18182061.105515942,202,0
30.0,95.3035658866158,0.08059100067159167,5.437049649012061,0.03446759259259259,18182061.105515942,179,1
17.5,95.3035658866158,0.10801080108010801,4.764519523455023,0.025717592592592594,18182061.105515942,202,1
123.0,0.0,5.7568682636645664e-05,5.468389544813605,0.04552469135802469,18182061.105515942,179,0
2.25,95.3035658866158,0.15138772077375945,2.4440554225445217,0.018348765432098766,18182061.105515942,202,0
104.0,0.0,8.444238238231664e-05,5.256328887751378,0.04035493827160494,18182061.105515942,202,0
46.5,95.3035658866158,0.0001174200084346706,6.000014903580609,0.03986882716049383,18182061.105515942,202,1
165.0,0.0,0.00017057431899387686,5.844713411422057,0.0506712962962963,18182061.105515942,202,0
68.75,95.3035658866158,0.021600864034561382,6.514215085998171,0.12859567901234567,18182061.105515942,202,1
46.75,95.3035658866158,0.00018135449135732502,6.006990366055949,0.033637152777777776,43338565.0285183,233,0
37.5,95.3035658866158,0.0561973150171714,5.721914989487689,0.049429012345679015,18182061.105515942,233,0
27.0,95.3035658866158,0.0003894658753709199,5.303840756688422,0.5130385487528345,228380.1352893292,202,1
136.0,0.0,7.366200638526825e-05,5.596376749375026,0.040871913580246916,18182061.105515942,233,0
27.5,95.3035658866158,4.796578440712292e-05,5.326979693535691,0.04604938271604938,18182061.105515942,202,1
26.75,95.3035658866158,7.223685018438455e-05,5.292119820056807,0.030972222222222224,18182061.105515942,179,1
40.25,95.3035658866158,4.229288031079628e-05,5.813030381532888,0.047060185185185184,18182061.105515942,202,1
51.25,95.3035658866158,0.05504587155963303,6.126874030156283,0.050462962962962966,18182061.105515942,233,1
22.5,95.3035658866158,3.1442574716105974e-07,5.0753164632147625,0.27525462962962965,18182061.105515942,202,0
9.0,95.3035658866158,0.11370814908401769,3.9669021893247,0.024429012345679013,18182061.105515942,233,1
15.25,95.3035658866158,0.19148936170212766,4.5964379061941605,0.014506172839506172,18182061.105515942,179,0
146.0,0.0,9.788790529671455e-05,5.6872131863266615,0.0362962962962963,18182061.105515942,179,0
43.0,95.3035658866158,9.328893816420474e-06,5.8984550350689835,1.032171201814059,228380.1352893292,179,0
26.0,95.3035658866158,0.00015525398905718134,5.256328887751378,0.029467592592592594,18182061.105515942,202,1
17.5,95.3035658866158,0.16628175519630484,4.764519523455023,0.016705246913580246,18182061.105515942,233,1
23.5,95.3035658866158,0.07578947368421053,5.129590824272319,0.03665123456790124,18182061.105515942,233,1
106.0,0.0,0.13206162876008803,5.280295466427225,0.021033950617283952,18182061.105515942,233,0
14.0,95.3035658866158,1.5421447601005343e-05,4.492757310675145,0.1980246913580247,2249965.792973195,233,1
51.25,95.3035658866158,0.04,6.126874030156283,0.10416666666666667,5351815.979246842,233,0
73.0,95.3035658866158,0.03847386983007374,6.594078231113461,0.07219907407407407,18182061.105515942,233,1
35.5,95.3035658866158,1.6523070474842753e-05,5.651603713489679,0.2209567901234568,2249965.792973195,179,1
65.0,95.3035658866158,0.022332506203473945,6.439772328922521,0.12438271604938271,18182061.105515942,202,1
27.5,95.3035658866158,0.09392121054004696,5.326979693535691,0.02957561728395062,18182061.105515942,179,1
46.75,95.3035658866158,0.0003577166943400276,6.006990366055949,0.05696759259259259,18182061.105515942,179,0
88.0,0.0,0.12052226314027452,5.047324752098746,0.02304783950617284,18182061.105515942,233,0
45.0,95.3035658866158,0.036133694670280034,5.957403814447651,0.076875,18182061.105515942,179,1
48.0,95.3035658866158,0.06228373702422145,6.041348134711954,0.044598765432098765,18182061.105515942,202,1
87.5,95.3035658866158,1.0367831629732039e-07,6.836895425124148,1.298858024691358,2249965.792973195,202,0
38.75,95.3035658866158,4.616474813667535e-05,5.764086004668665,0.04387345679012346,18182061.105515942,179,1
32.0,95.3035658866158,0.0631246712256707,5.5190582420299465,0.04400462962962963,18182061.105515942,202,1
43.0,95.3035658866158,1.9457064662906086e-05,5.8984550350689835,0.061550925925925926,18182061.105515942,179,1
124.0,95.3035658866158,0.03,7.310866973884622,0.09259259259259259,18182061.105515942,233,1
32.25,95.3035658866158,1.2463302498199745e-05,5.5289679821362885,0.19135802469135801,2249965.792973195,202,0
43.25,95.3035658866158,5.7568682636645664e-05,5.905963419951044,0.04552469135802469,18182061.105515942,233,1
39.25,95.3035658866158,0.00018045944975908664,5.780596300675379,0.041651234567901235,18182061.105515942,179,1
27.0,95.3035658866158,9.459415429147402e-05,5.303840756688422,0.039984567901234565,18182061.105515942,179,1
17.75,95.3035658866158,0.12413793103448276,4.7819295964549084,0.022376543209876542,18182061.105515942,179,1
10.0,95.3035658866158,0.043838285435947394,4.090766780056818,0.1267283950617284,2249965.792973195,179,1
63.25,95.3035658866158,0.00548178828115483,6.403632603572689,0.0641358024691358,18182061.105515942,202,1
46.75,95.3035658866158,0.04747461426875907,6.006990366055949,0.0585108024691358,18182061.105515942,202,1
133.0,0.0,0.078551167357626,5.567896933924512,0.03536265432098765,18182061.105515942,233,0
