Credit_History_1.0,Property_Area_Semiurban,Married_Yes,CoapplicantIncome,Loan_Status
0.41173269183271005,-0.7820157008848647,-1.3720893221584447,-1.1028327883875093,1
0.41173269183271005,-0.7820157008848647,0.7288155252362812,0.7505816231791015,0
0.41173269183271005,-0.7820157008848647,0.7288155252362812,-1.1028327883875093,1
0.41173269183271005,-0.7820157008848647,0.7288155252362812,0.8916885031869306,1
0.41173269183271005,-0.7820157008848647,-1.3720893221584447,-1.1028327883875093,1
0.41173269183271005,-0.7820157008848647,0.7288155252362812,1.0792100650363843,1
0.41173269183271005,-0.7820157008848647,0.7288155252362812,0.7522299362261555,1
-2.428760260810931,1.2787467040220322,0.7288155252362812,0.9109385094784685,0
0.41173269183271005,-0.7820157008848647,0.7288155252362812,0.7542788615127617,1
0.41173269183271005,1.2787467040220322,0.7288155252362812,1.4064012781814872,0
0.41173269183271005,-0.7820157008848647,0.7288155252362812,0.5169249620491044,1
0.41173269183271005,-0.7820157008848647,0.7288155252362812,0.8129286683599686,1
0.41173269183271005,-0.7820157008848647,0.7288155252362812,1.3014278020070043,1
0.41173269183271005,-0.7820157008848647,-1.3720893221584447,0.9515082035656361,0
0.41173269183271005,-0.7820157008848647,0.7288155252362812,0.6493208750528675,1
0.41173269183271005,-0.7820157008848647,-1.3720893221584447,-1.1028327883875093,1
0.41173269183271005,-0.7820157008848647,-1.3720893221584447,-1.1028327883875093,1
-2.428760260810931,-0.7820157008848647,-1.3720893221584447,-1.1028327883875093,0
0.41173269183271005,-0.7820157008848647,0.7288155252362812,-1.1028327883875093,0
0.41173269183271005,-0.7820157008848647,0.7288155252362812,1.0195056634585082,1
-2.428760260810931,-0.7820157008848647,0.7288155252362812,-1.1028327883875093,0
0.41173269183271005,-0.7820157008848647,0.7288155252362812,1.1770542106298245,1
-2.428760260810931,1.2787467040220322,0.7288155252362812,0.8248754190152751,0
-2.428760260810931,-0.7820157008848647,0.7288155252362812,0.8258657827632699,0
0.41173269183271005,1.2787467040220322,0.7288155252362812,0.9610538196743202,0
0.41173269183271005,1.2787467040220322,0.7288155252362812,-1.1028327883875093,1
0.41173269183271005,1.2787467040220322,0.7288155252362812,0.8771381964294541,1
0.41173269183271005,-0.7820157008848647,0.7288155252362812,0.63611812036508,1
0.41173269183271005,-0.7820157008848647,-1.3720893221584447,-1.1028327883875093,0
0.41173269183271005,1.2787467040220322,-1.3720893221584447,0.8521699021324511,1
0.41173269183271005,-0.7820157008848647,0.7288155252362812,1.0070294162115052,0
0.41173269183271005,-0.7820157008848647,-1.3720893221584447,-1.1028327883875093,0
0.41173269183271005,-0.7820157008848647,-1.3720893221584447,-1.1028327883875093,0
0.41173269183271005,1.2787467040220322,0.7288155252362812,0.781898193369503,1
0.41173269183271005,-0.7820157008848647,-1.3720893221584447,0.9692621239844916,0
0.41173269183271005,-0.7820157008848647,0.7288155252362812,0.8497221329865063,1
-2.428760260810931,-0.7820157008848647,0.7288155252362812,0.7116037830539341,0
0.41173269183271005,1.2787467040220322,0.7288155252362812,0.7403025628300316,1
0.41173269183271005,-0.7820157008848647,-1.3720893221584447,1.2612634009474342,1
0.41173269183271005,1.2787467040220322,-1.3720893221584447,0.7820861089405282,1
0.41173269183271005,-0.7820157008848647,-1.3720893221584447,-1.1028327883875093,0
0.41173269183271005,-0.7820157008848647,-1.3720893221584447,0.6832135117669818,1
0.41173269183271005,-0.7820157008848647,0.7288155252362812,-1.1028327883875093,1
0.41173269183271005,1.2787467040220322,0.7288155252362812,0.8886910582965417,1
0.41173269183271005,-0.7820157008848647,0.7288155252362812,-1.1028327883875093,1
0.41173269183271005,-0.7820157008848647,-1.3720893221584447,-1.1028327883875093,1
0.41173269183271005,-0.7820157008848647,0.7288155252362812,-1.1028327883875093,1
0.41173269183271005,-0.7820157008848647,0.7288155252362812,-1.1028327883875093,1
-2.428760260810931,-0.7820157008848647,0.7288155252362812,1.0138468691390603,0
0.41173269183271005,1.2787467040220322,-1.3720893221584447,0.880238906561128,1
0.41173269183271005,1.2787467040220322,0.7288155252362812,0.7775466111842442,1
0.41173269183271005,1.2787467040220322,-1.3720893221584447,-1.1028327883875093,1
0.41173269183271005,1.2787467040220322,-1.3720893221584447,-1.1028327883875093,0
0.41173269183271005,-0.7820157008848647,0.7288155252362812,-1.1028327883875093,0
-2.428760260810931,-0.7820157008848647,0.7288155252362812,-1.1028327883875093,0
0.41173269183271005,1.2787467040220322,0.7288155252362812,0.6713403921040861,1
0.41173269183271005,1.2787467040220322,0.7288155252362812,0.7672969455457749,1
0.41173269183271005,-0.7820157008848647,0.7288155252362812,0.8695497371688666,0
0.41173269183271005,-0.7820157008848647,0.7288155252362812,0.876713167394831,1
0.41173269183271005,-0.7820157008848647,0.7288155252362812,0.9536650339905774,1
0.41173269183271005,-0.7820157008848647,0.7288155252362812,1.0461516342625532,1
0.41173269183271005,-0.7820157008848647,0.7288155252362812,-1.1028327883875093,1
-2.428760260810931,-0.7820157008848647,0.7288155252362812,1.014701580249859,0
-2.428760260810931,-0.7820157008848647,0.7288155252362812,-1.1028327883875093,0
-2.428760260810931,1.2787467040220322,-1.3720893221584447,-1.1028327883875093,0
0.41173269183271005,1.2787467040220322,0.7288155252362812,1.109353930646797,0
-2.428760260810931,-0.7820157008848647,-1.3720893221584447,0.8772797544701327,0
0.41173269183271005,-0.7820157008848647,0.7288155252362812,-1.1028327883875093,1
0.41173269183271005,-0.7820157008848647,0.7288155252362812,-1.1028327883875093,1
-2.428760260810931,1.2787467040220322,-1.3720893221584447,-1.1028327883875093,0
0.41173269183271005,-0.7820157008848647,0.7288155252362812,0.9763272685537108,1
0.41173269183271005,1.2787467040220322,0.7288155252362812,0.818871089917636,1
0.41173269183271005,1.2787467040220322,-1.3720893221584447,-1.1028327883875093,1
-2.428760260810931,1.2787467040220322,0.7288155252362812,-1.1028327883875093,0
0.41173269183271005,1.2787467040220322,0.7288155252362812,0.8014277774215675,1
0.41173269183271005,-0.7820157008848647,-1.3720893221584447,-1.1028327883875093,0
0.41173269183271005,-0.7820157008848647,-1.3720893221584447,1.1204035819279534,0
0.41173269183271005,-0.7820157008848647,0.7288155252362812,0.9716332817969572,0
-2.428760260810931,1.2787467040220322,0.7288155252362812,1.0634003885515428,0
0.41173269183271005,1.2787467040220322,0.7288155252362812,0.8645905922806956,1
0.41173269183271005,1.2787467040220322,-1.3720893221584447,-1.1028327883875093,1
0.41173269183271005,1.2787467040220322,0.7288155252362812,-1.1028327883875093,1
0.41173269183271005,-0.7820157008848647,0.7288155252362812,0.8198793011549277,0
0.41173269183271005,1.2787467040220322,0.7288155252362812,0.876713167394831,0
0.41173269183271005,-0.7820157008848647,0.7288155252362812,-1.1028327883875093,1
0.41173269183271005,1.2787467040220322,-1.3720893221584447,0.9143823384493125,1
0.41173269183271005,1.2787467040220322,0.7288155252362812,0.8392746289347541,1
0.41173269183271005,1.2787467040220322,0.7288155252362812,0.8574633155503077,1
0.41173269183271005,-0.7820157008848647,-1.3720893221584447,-1.1028327883875093,1
0.41173269183271005,1.2787467040220322,0.7288155252362812,1.0769152459385036,1
0.41173269183271005,1.2787467040220322,0.7288155252362812,0.958273669128063,1
0.41173269183271005,1.2787467040220322,0.7288155252362812,1.1787860687246676,1
0.41173269183271005,-0.7820157008848647,0.7288155252362812,0.809485084148953,1
0.41173269183271005,1.2787467040220322,-1.3720893221584447,-1.1028327883875093,1
0.41173269183271005,1.2787467040220322,-1.3720893221584447,-1.1028327883875093,1
0.41173269183271005,-0.7820157008848647,-1.3720893221584447,-1.1028327883875093,0
0.41173269183271005,1.2787467040220322,0.7288155252362812,0.8840059997054034,1
0.41173269183271005,1.2787467040220322,0.7288155252362812,0.6232701571434196,1
0.41173269183271005,1.2787467040220322,0.7288155252362812,-1.1028327883875093,1
0.41173269183271005,1.2787467040220322,0.7288155252362812,1.0233202488328959,1
0.41173269183271005,-0.7820157008848647,0.7288155252362812,0.9965954059179509,1
0.41173269183271005,1.2787467040220322,-1.3720893221584447,1.0470172682219943,1
0.41173269183271005,-0.7820157008848647,0.7288155252362812,-1.1028327883875093,1
0.41173269183271005,1.2787467040220322,0.7288155252362812,1.0271850245630743,1
0.41173269183271005,-0.7820157008848647,0.7288155252362812,0.5390828538222957,1
0.41173269183271005,-0.7820157008848647,0.7288155252362812,0.6331754064595456,1
0.41173269183271005,-0.7820157008848647,0.7288155252362812,0.6603808722196148,1
0.41173269183271005,-0.7820157008848647,-1.3720893221584447,-1.1028327883875093,0
-2.428760260810931,-0.7820157008848647,0.7288155252362812,1.0287372326207183,0
0.41173269183271005,1.2787467040220322,0.7288155252362812,0.5390828538222957,1
0.41173269183271005,-0.7820157008848647,-1.3720893221584447,-1.1028327883875093,1
0.41173269183271005,1.2787467040220322,0.7288155252362812,0.8882802599573707,1
-2.428760260810931,-0.7820157008848647,0.7288155252362812,1.0726821650190426,0
0.41173269183271005,1.2787467040220322,-1.3720893221584447,-1.1028327883875093,1
0.41173269183271005,1.2787467040220322,-1.3720893221584447,-1.1028327883875093,1
0.41173269183271005,-0.7820157008848647,0.7288155252362812,-1.1028327883875093,1
0.41173269183271005,1.2787467040220322,0.7288155252362812,0.8813594478998151,1
0.41173269183271005,-0.7820157008848647,0.7288155252362812,0.7270426046654739,1
0.41173269183271005,-0.7820157008848647,0.7288155252362812,0.8610457345969952,0
0.41173269183271005,-0.7820157008848647,-1.3720893221584447,-1.1028327883875093,1
0.41173269183271005,-0.7820157008848647,0.7288155252362812,0.9312201741145558,1
0.41173269183271005,1.2787467040220322,-1.3720893221584447,-1.1028327883875093,1
-2.428760260810931,1.2787467040220322,-1.3720893221584447,1.3367660069243466,1
0.41173269183271005,1.2787467040220322,0.7288155252362812,-1.1028327883875093,1
0.41173269183271005,-0.7820157008848647,0.7288155252362812,0.8414846189385246,1
0.41173269183271005,-0.7820157008848647,-1.3720893221584447,-1.1028327883875093,1
0.41173269183271005,-0.7820157008848647,0.7288155252362812,-1.1028327883875093,1
0.41173269183271005,-0.7820157008848647,-1.3720893221584447,0.776783974264503,1
-2.428760260810931,-0.7820157008848647,0.7288155252362812,1.0508008120536079,0
0.41173269183271005,-0.7820157008848647,0.7288155252362812,0.9191711115688288,0
0.41173269183271005,-0.7820157008848647,-1.3720893221584447,-1.1028327883875093,1
0.41173269183271005,-0.7820157008848647,-1.3720893221584447,0.8278377935226132,1
0.41173269183271005,1.2787467040220322,-1.3720893221584447,-1.1028327883875093,1
0.41173269183271005,1.2787467040220322,0.7288155252362812,-1.1028327883875093,1
0.41173269183271005,1.2787467040220322,-1.3720893221584447,-1.1028327883875093,1
0.41173269183271005,1.2787467040220322,0.7288155252362812,1.2859953019087393,0
0.41173269183271005,-0.7820157008848647,0.7288155252362812,-1.1028327883875093,0
0.41173269183271005,-0.7820157008848647,0.7288155252362812,1.0195056634585082,1
-2.428760260810931,1.2787467040220322,-1.3720893221584447,-1.1028327883875093,0
0.41173269183271005,-0.7820157008848647,0.7288155252362812,0.7340650126011767,0
0.41173269183271005,-0.7820157008848647,0.7288155252362812,0.8521699021324511,0
0.41173269183271005,-0.7820157008848647,-1.3720893221584447,-1.1028327883875093,1
0.41173269183271005,1.2787467040220322,-1.3720893221584447,-1.1028327883875093,1
0.41173269183271005,1.2787467040220322,0.7288155252362812,0.844616809035952,1
0.41173269183271005,-0.7820157008848647,0.7288155252362812,-1.1028327883875093,1
0.41173269183271005,1.2787467040220322,0.7288155252362812,1.1013714761012086,1
0.41173269183271005,-0.7820157008848647,0.7288155252362812,-1.1028327883875093,1
0.41173269183271005,-0.7820157008848647,0.7288155252362812,0.7329775644889163,1
0.41173269183271005,-0.7820157008848647,-1.3720893221584447,0.7817101717416582,0
0.41173269183271005,1.2787467040220322,0.7288155252362812,0.5678644560770346,1
-2.428760260810931,-0.7820157008848647,-1.3720893221584447,-1.1028327883875093,0
0.41173269183271005,-0.7820157008848647,0.7288155252362812,1.0421418774935491,1
0.41173269183271005,-0.7820157008848647,-1.3720893221584447,-1.1028327883875093,0
0.41173269183271005,-0.7820157008848647,0.7288155252362812,-1.1028327883875093,0
0.41173269183271005,-0.7820157008848647,-1.3720893221584447,-1.1028327883875093,1
-2.428760260810931,1.2787467040220322,0.7288155252362812,-1.1028327883875093,1
0.41173269183271005,-0.7820157008848647,0.7288155252362812,-1.1028327883875093,1
0.41173269183271005,-0.7820157008848647,0.7288155252362812,-1.1028327883875093,1
0.41173269183271005,-0.7820157008848647,-1.3720893221584447,0.8521699021324511,1
0.41173269183271005,1.2787467040220322,0.7288155252362812,1.1770542106298245,1
0.41173269183271005,1.2787467040220322,0.7288155252362812,0.6364109269552894,1
0.41173269183271005,-0.7820157008848647,0.7288155252362812,-1.1028327883875093,0
-2.428760260810931,1.2787467040220322,0.7288155252362812,0.6997706045048698,0
0.41173269183271005,-0.7820157008848647,0.7288155252362812,0.737735775765687,1
0.41173269183271005,-0.7820157008848647,0.7288155252362812,-1.1028327883875093,1
0.41173269183271005,-0.7820157008848647,0.7288155252362812,0.9867639952930829,1
0.41173269183271005,-0.7820157008848647,0.7288155252362812,-1.1028327883875093,0
0.41173269183271005,-0.7820157008848647,0.7288155252362812,1.0035208653888283,1
-2.428760260810931,1.2787467040220322,-1.3720893221584447,-1.1028327883875093,0
0.41173269183271005,1.2787467040220322,0.7288155252362812,-1.1028327883875093,1
0.41173269183271005,-0.7820157008848647,0.7288155252362812,0.8005401740648972,1
0.41173269183271005,-0.7820157008848647,0.7288155252362812,-1.1028327883875093,1
0.41173269183271005,-0.7820157008848647,0.7288155252362812,-1.1028327883875093,0
0.41173269183271005,1.2787467040220322,0.7288155252362812,1.1770542106298245,1
0.41173269183271005,1.2787467040220322,0.7288155252362812,0.5318674365001731,0
0.41173269183271005,-0.7820157008848647,0.7288155252362812,0.8335242728016191,1
0.41173269183271005,-0.7820157008848647,0.7288155252362812,0.7727511999564987,1
-2.428760260810931,1.2787467040220322,0.7288155252362812,1.4168556289536802,0
0.41173269183271005,1.2787467040220322,0.7288155252362812,-1.1028327883875093,1
-2.428760260810931,-0.7820157008848647,-1.3720893221584447,0.7385935886366213,0
-2.428760260810931,-0.7820157008848647,0.7288155252362812,1.2631541970032418,0
0.41173269183271005,-0.7820157008848647,-1.3720893221584447,1.1417188323365421,0
0.41173269183271005,1.2787467040220322,0.7288155252362812,-1.1028327883875093,1
0.41173269183271005,1.2787467040220322,0.7288155252362812,-1.1028327883875093,0
0.41173269183271005,1.2787467040220322,0.7288155252362812,-1.1028327883875093,1
0.41173269183271005,1.2787467040220322,0.7288155252362812,1.1204035819279534,1
-2.428760260810931,-0.7820157008848647,0.7288155252362812,-1.1028327883875093,0
0.41173269183271005,-0.7820157008848647,0.7288155252362812,0.8604512952664608,1
0.41173269183271005,-0.7820157008848647,0.7288155252362812,1.1567955615433199,1
0.41173269183271005,-0.7820157008848647,0.7288155252362812,-1.1028327883875093,1
0.41173269183271005,-0.7820157008848647,-1.3720893221584447,-1.1028327883875093,1
0.41173269183271005,1.2787467040220322,-1.3720893221584447,-1.1028327883875093,0
0.41173269183271005,-0.7820157008848647,0.7288155252362812,-1.1028327883875093,0
0.41173269183271005,1.2787467040220322,-1.3720893221584447,-1.1028327883875093,1
0.41173269183271005,-0.7820157008848647,-1.3720893221584447,-1.1028327883875093,1
0.41173269183271005,1.2787467040220322,0.7288155252362812,0.9209186134218555,0
0.41173269183271005,-0.7820157008848647,-1.3720893221584447,1.0421418774935491,1
0.41173269183271005,-0.7820157008848647,-1.3720893221584447,0.8926367199606493,1
0.41173269183271005,1.2787467040220322,0.7288155252362812,0.9487642985227045,1
0.41173269183271005,-0.7820157008848647,-1.3720893221584447,-1.1028327883875093,0
0.41173269183271005,1.2787467040220322,0.7288155252362812,0.9104253440927859,1
-2.428760260810931,1.2787467040220322,-1.3720893221584447,-1.1028327883875093,1
0.41173269183271005,-0.7820157008848647,0.7288155252362812,-1.1028327883875093,0
0.41173269183271005,-0.7820157008848647,0.7288155252362812,0.6484760054042892,1
0.41173269183271005,1.2787467040220322,0.7288155252362812,-1.1028327883875093,1
0.41173269183271005,1.2787467040220322,-1.3720893221584447,-1.1028327883875093,1
0.41173269183271005,-0.7820157008848647,-1.3720893221584447,-1.1028327883875093,1
0.41173269183271005,-0.7820157008848647,-1.3720893221584447,0.9143823384493125,1
0.41173269183271005,-0.7820157008848647,-1.3720893221584447,-1.1028327883875093,1
0.41173269183271005,1.2787467040220322,-1.3720893221584447,-1.1028327883875093,0
0.41173269183271005,1.2787467040220322,-1.3720893221584447,-1.1028327883875093,0
-2.428760260810931,1.2787467040220322,0.7288155252362812,0.6924602753757803,0
0.41173269183271005,-0.7820157008848647,0.7288155252362812,-1.1028327883875093,1
0.41173269183271005,-0.7820157008848647,0.7288155252362812,-1.1028327883875093,1
0.41173269183271005,-0.7820157008848647,0.7288155252362812,0.9715258547468852,1
0.41173269183271005,1.2787467040220322,0.7288155252362812,0.6189744930821719,1
0.41173269183271005,-0.7820157008848647,0.7288155252362812,0.8060057200121635,0
0.41173269183271005,1.2787467040220322,0.7288155252362812,0.8016050156836128,1
-2.428760260810931,1.2787467040220322,0.7288155252362812,-1.1028327883875093,0
0.41173269183271005,1.2787467040220322,0.7288155252362812,0.8950629212553806,1
-2.428760260810931,-0.7820157008848647,0.7288155252362812,-1.1028327883875093,0
0.41173269183271005,1.2787467040220322,0.7288155252362812,0.7911665672605042,1
0.41173269183271005,1.2787467040220322,-1.3720893221584447,0.9458825690280047,1
0.41173269183271005,1.2787467040220322,0.7288155252362812,0.6272085063393481,1
0.41173269183271005,1.2787467040220322,0.7288155252362812,-1.1028327883875093,1
0.41173269183271005,-0.7820157008848647,0.7288155252362812,-1.1028327883875093,0
0.41173269183271005,-0.7820157008848647,0.7288155252362812,-1.1028327883875093,0
0.41173269183271005,1.2787467040220322,0.7288155252362812,0.7871201853749213,1
0.41173269183271005,1.2787467040220322,0.7288155252362812,-1.1028327883875093,1
0.41173269183271005,-0.7820157008848647,-1.3720893221584447,-1.1028327883875093,1
0.41173269183271005,1.2787467040220322,0.7288155252362812,0.847720161055853,1
0.41173269183271005,-0.7820157008848647,0.7288155252362812,-1.1028327883875093,1
0.41173269183271005,-0.7820157008848647,-1.3720893221584447,0.9227810764540307,1
0.41173269183271005,1.2787467040220322,-1.3720893221584447,-1.1028327883875093,1
0.41173269183271005,1.2787467040220322,0.7288155252362812,0.8023130307926556,1
0.41173269183271005,-0.7820157008848647,0.7288155252362812,0.6949152133216918,1
0.41173269183271005,-0.7820157008848647,0.7288155252362812,-1.1028327883875093,0
0.41173269183271005,-0.7820157008848647,-1.3720893221584447,-1.1028327883875093,1
0.41173269183271005,-0.7820157008848647,-1.3720893221584447,-1.1028327883875093,1
0.41173269183271005,1.2787467040220322,0.7288155252362812,-1.1028327883875093,1
0.41173269183271005,-0.7820157008848647,0.7288155252362812,1.1375301551241586,1
0.41173269183271005,-0.7820157008848647,0.7288155252362812,0.8365714222615706,0
0.41173269183271005,-0.7820157008848647,-1.3720893221584447,1.1815752015477519,1
0.41173269183271005,-0.7820157008848647,0.7288155252362812,0.7045551695789378,1
0.41173269183271005,1.2787467040220322,0.7288155252362812,1.0962234905844068,1
0.41173269183271005,-0.7820157008848647,-1.3720893221584447,1.0898532582523994,0
0.41173269183271005,-0.7820157008848647,0.7288155252362812,-1.1028327883875093,1
0.41173269183271005,-0.7820157008848647,0.7288155252362812,-1.1028327883875093,1
0.41173269183271005,1.2787467040220322,0.7288155252362812,0.8134421666909615,1
0.41173269183271005,-0.7820157008848647,0.7288155252362812,0.8176910008030782,1
-2.428760260810931,1.2787467040220322,0.7288155252362812,1.0542052573609528,0
0.41173269183271005,-0.7820157008848647,-1.3720893221584447,-1.1028327883875093,0
0.41173269183271005,-0.7820157008848647,-1.3720893221584447,0.8647374915077761,1
0.41173269183271005,1.2787467040220322,0.7288155252362812,1.2560604377263567,1
-2.428760260810931,-0.7820157008848647,-1.3720893221584447,-1.1028327883875093,0
0.41173269183271005,-0.7820157008848647,-1.3720893221584447,-1.1028327883875093,1
-2.428760260810931,-0.7820157008848647,-1.3720893221584447,-1.1028327883875093,0
0.41173269183271005,-0.7820157008848647,0.7288155252362812,-1.1028327883875093,0
0.41173269183271005,-0.7820157008848647,0.7288155252362812,0.8547513532162976,0
0.41173269183271005,1.2787467040220322,0.7288155252362812,-1.1028327883875093,0
0.41173269183271005,-0.7820157008848647,0.7288155252362812,1.0834436911967718,1
0.41173269183271005,1.2787467040220322,-1.3720893221584447,0.8708503827229166,1
0.41173269183271005,1.2787467040220322,-1.3720893221584447,-1.1028327883875093,0
0.41173269183271005,-0.7820157008848647,-1.3720893221584447,-1.1028327883875093,1
0.41173269183271005,1.2787467040220322,-1.3720893221584447,-1.1028327883875093,1
0.41173269183271005,-0.7820157008848647,-1.3720893221584447,1.014511825943951,1
0.41173269183271005,1.2787467040220322,0.7288155252362812,0.7245936997576916,1
-2.428760260810931,-0.7820157008848647,0.7288155252362812,0.8079238438455575,1
0.41173269183271005,-0.7820157008848647,-1.3720893221584447,-1.1028327883875093,0
0.41173269183271005,-0.7820157008848647,-1.3720893221584447,0.7611519814032829,1
0.41173269183271005,-0.7820157008848647,-1.3720893221584447,-1.1028327883875093,1
0.41173269183271005,-0.7820157008848647,0.7288155252362812,-1.1028327883875093,1
0.41173269183271005,-0.7820157008848647,-1.3720893221584447,0.8158281443697145,1
0.41173269183271005,1.2787467040220322,0.7288155252362812,0.8728637341684256,1
0.41173269183271005,1.2787467040220322,0.7288155252362812,-1.1028327883875093,1
0.41173269183271005,1.2787467040220322,0.7288155252362812,0.8132710879951154,1
0.41173269183271005,1.2787467040220322,0.7288155252362812,0.9976928945944075,1
0.41173269183271005,-0.7820157008848647,0.7288155252362812,0.7045551695789378,1
0.41173269183271005,1.2787467040220322,0.7288155252362812,-1.1028327883875093,1
0.41173269183271005,-0.7820157008848647,0.7288155252362812,-1.1028327883875093,1
-2.428760260810931,-0.7820157008848647,-1.3720893221584447,0.9007897730547014,0
0.41173269183271005,1.2787467040220322,0.7288155252362812,0.5568115264460674,1
0.41173269183271005,-0.7820157008848647,0.7288155252362812,0.6195916675710457,1
0.41173269183271005,-0.7820157008848647,-1.3720893221584447,0.7817101717416582,1
0.41173269183271005,-0.7820157008848647,0.7288155252362812,-1.1028327883875093,0
0.41173269183271005,-0.7820157008848647,-1.3720893221584447,0.9749470401591634,1
0.41173269183271005,1.2787467040220322,-1.3720893221584447,0.7911665672605042,0
0.41173269183271005,-0.7820157008848647,0.7288155252362812,0.8392746289347541,1
0.41173269183271005,1.2787467040220322,-1.3720893221584447,-1.1028327883875093,1
0.41173269183271005,-0.7820157008848647,-1.3720893221584447,-1.1028327883875093,1
0.41173269183271005,-0.7820157008848647,0.7288155252362812,0.8994665182334128,1
-2.428760260810931,1.2787467040220322,0.7288155252362812,-1.1028327883875093,0
0.41173269183271005,-0.7820157008848647,0.7288155252362812,0.7611519814032829,1
-2.428760260810931,-0.7820157008848647,-1.3720893221584447,-1.1028327883875093,0
0.41173269183271005,1.2787467040220322,0.7288155252362812,1.003618805573636,1
0.41173269183271005,-0.7820157008848647,0.7288155252362812,0.6924602753757803,1
0.41173269183271005,1.2787467040220322,0.7288155252362812,-1.1028327883875093,1
0.41173269183271005,-0.7820157008848647,0.7288155252362812,-1.1028327883875093,1
0.41173269183271005,-0.7820157008848647,-1.3720893221584447,0.9156490657603591,0
0.41173269183271005,-0.7820157008848647,0.7288155252362812,0.9610538196743202,0
-2.428760260810931,-0.7820157008848647,0.7288155252362812,0.9620492038625826,0
0.41173269183271005,1.2787467040220322,0.7288155252362812,0.7971456205990679,1
0.41173269183271005,-0.7820157008848647,-1.3720893221584447,-1.1028327883875093,1
0.41173269183271005,-0.7820157008848647,0.7288155252362812,0.806529935798501,1
0.41173269183271005,-0.7820157008848647,-1.3720893221584447,0.9104253440927859,1
0.41173269183271005,-0.7820157008848647,-1.3720893221584447,-1.1028327883875093,0
0.41173269183271005,-0.7820157008848647,-1.3720893221584447,0.7817101717416582,1
-2.428760260810931,-0.7820157008848647,-1.3720893221584447,0.8168455305730412,0
0.41173269183271005,-0.7820157008848647,-1.3720893221584447,-1.1028327883875093,0
0.41173269183271005,-0.7820157008848647,0.7288155252362812,-1.1028327883875093,1
0.41173269183271005,1.2787467040220322,-1.3720893221584447,-1.1028327883875093,1
0.41173269183271005,1.2787467040220322,-1.3720893221584447,0.8980049735899082,1
0.41173269183271005,-0.7820157008848647,-1.3720893221584447,-1.1028327883875093,1
0.41173269183271005,-0.7820157008848647,0.7288155252362812,-1.1028327883875093,1
0.41173269183271005,-0.7820157008848647,0.7288155252362812,0.8134421666909615,0
0.41173269183271005,-0.7820157008848647,0.7288155252362812,0.776783974264503,1
0.41173269183271005,1.2787467040220322,0.7288155252362812,-1.1028327883875093,1
0.41173269183271005,-0.7820157008848647,0.7288155252362812,0.8598558088347321,1
0.41173269183271005,1.2787467040220322,-1.3720893221584447,-1.1028327883875093,1
0.41173269183271005,-0.7820157008848647,0.7288155252362812,-1.1028327883875093,0
0.41173269183271005,1.2787467040220322,0.7288155252362812,0.8647374915077761,1
0.41173269183271005,1.2787467040220322,0.7288155252362812,0.14254949178965723,1
0.41173269183271005,-0.7820157008848647,0.7288155252362812,0.7671004854565887,1
0.41173269183271005,-0.7820157008848647,-1.3720893221584447,0.9676360275835595,1
0.41173269183271005,-0.7820157008848647,0.7288155252362812,-1.1028327883875093,1
-2.428760260810931,-0.7820157008848647,0.7288155252362812,1.1363913690441465,0
-2.428760260810931,-0.7820157008848647,-1.3720893221584447,-1.1028327883875093,1
0.41173269183271005,1.2787467040220322,0.7288155252362812,0.8637078548556563,1
0.41173269183271005,-0.7820157008848647,0.7288155252362812,0.9040755932024244,0
0.41173269183271005,-0.7820157008848647,-1.3720893221584447,-1.1028327883875093,1
0.41173269183271005,-0.7820157008848647,-1.3720893221584447,0.8047793468310676,1
0.41173269183271005,1.2787467040220322,-1.3720893221584447,-1.1028327883875093,1
0.41173269183271005,-0.7820157008848647,-1.3720893221584447,-1.1028327883875093,1
0.41173269183271005,-0.7820157008848647,0.7288155252362812,-1.1028327883875093,1
0.41173269183271005,-0.7820157008848647,0.7288155252362812,0.8117274363781456,1
0.41173269183271005,1.2787467040220322,0.7288155252362812,1.1016676203910138,1
0.41173269183271005,-0.7820157008848647,0.7288155252362812,0.5117832906541427,1
0.41173269183271005,-0.7820157008848647,0.7288155252362812,1.109715809310729,1
-2.428760260810931,-0.7820157008848647,-1.3720893221584447,-1.1028327883875093,0
0.41173269183271005,1.2787467040220322,-1.3720893221584447,-1.1028327883875093,1
0.41173269183271005,-0.7820157008848647,0.7288155252362812,0.7665104071385734,0
0.41173269183271005,-0.7820157008848647,-1.3720893221584447,-1.1028327883875093,0
0.41173269183271005,-0.7820157008848647,0.7288155252362812,0.6872442153446313,1
0.41173269183271005,1.2787467040220322,0.7288155252362812,-1.1028327883875093,1
0.41173269183271005,-0.7820157008848647,0.7288155252362812,0.887868964383672,1
0.41173269183271005,1.2787467040220322,0.7288155252362812,0.9049899730397243,1
-2.428760260810931,-0.7820157008848647,0.7288155252362812,0.9932819293431063,0
0.41173269183271005,-0.7820157008848647,0.7288155252362812,0.8648843269797012,1
0.41173269183271005,1.2787467040220322,0.7288155252362812,1.1084839078964344,1
0.41173269183271005,-0.7820157008848647,0.7288155252362812,1.2126433261611467,1
0.41173269183271005,1.2787467040220322,0.7288155252362812,-1.1028327883875093,1
0.41173269183271005,-0.7820157008848647,-1.3720893221584447,1.0769152459385036,0
0.41173269183271005,-0.7820157008848647,0.7288155252362812,0.8521699021324511,1
-2.428760260810931,-0.7820157008848647,0.7288155252362812,-1.1028327883875093,0
0.41173269183271005,1.2787467040220322,0.7288155252362812,0.4207334768737584,1
0.41173269183271005,-0.7820157008848647,-1.3720893221584447,-1.1028327883875093,1
0.41173269183271005,-0.7820157008848647,0.7288155252362812,0.9868667877797267,1
0.41173269183271005,-0.7820157008848647,0.7288155252362812,-1.1028327883875093,0
-2.428760260810931,-0.7820157008848647,0.7288155252362812,0.7817101717416582,0
0.41173269183271005,1.2787467040220322,0.7288155252362812,0.9868667877797267,1
0.41173269183271005,1.2787467040220322,-1.3720893221584447,-1.1028327883875093,0
0.41173269183271005,1.2787467040220322,0.7288155252362812,1.0347883501148072,1
0.41173269183271005,-0.7820157008848647,0.7288155252362812,0.8882802599573707,1
0.41173269183271005,-0.7820157008848647,0.7288155252362812,0.9728127770649265,1
0.41173269183271005,-0.7820157008848647,-1.3720893221584447,-1.1028327883875093,1
0.41173269183271005,-0.7820157008848647,-1.3720893221584447,-1.1028327883875093,0
0.41173269183271005,1.2787467040220322,-1.3720893221584447,-1.1028327883875093,0
-2.428760260810931,-0.7820157008848647,-1.3720893221584447,-1.1028327883875093,0
0.41173269183271005,1.2787467040220322,0.7288155252362812,-1.1028327883875093,1
0.41173269183271005,-0.7820157008848647,0.7288155252362812,1.1548897672786964,0
0.41173269183271005,1.2787467040220322,-1.3720893221584447,-1.1028327883875093,1
0.41173269183271005,1.2787467040220322,0.7288155252362812,-1.1028327883875093,1
0.41173269183271005,-0.7820157008848647,0.7288155252362812,1.2914013871011971,1
-2.428760260810931,-0.7820157008848647,-1.3720893221584447,0.837209426541112,0
0.41173269183271005,-0.7820157008848647,-1.3720893221584447,0.7403025628300316,1
0.41173269183271005,-0.7820157008848647,0.7288155252362812,0.5998878228214947,1
0.41173269183271005,-0.7820157008848647,0.7288155252362812,1.1372625335874451,1
0.41173269183271005,1.2787467040220322,0.7288155252362812,-1.1028327883875093,1
0.41173269183271005,-0.7820157008848647,-1.3720893221584447,-1.1028327883875093,0
0.41173269183271005,-0.7820157008848647,0.7288155252362812,-1.1028327883875093,1
0.41173269183271005,1.2787467040220322,0.7288155252362812,0.9104253440927859,1
0.41173269183271005,1.2787467040220322,-1.3720893221584447,1.0820381343703767,1
0.41173269183271005,-0.7820157008848647,-1.3720893221584447,-1.1028327883875093,1
0.41173269183271005,-0.7820157008848647,-1.3720893221584447,-1.1028327883875093,1
0.41173269183271005,-0.7820157008848647,0.7288155252362812,-1.1028327883875093,0
0.41173269183271005,-0.7820157008848647,-1.3720893221584447,-1.1028327883875093,1
0.41173269183271005,1.2787467040220322,-1.3720893221584447,0.7690598785250645,1
-2.428760260810931,-0.7820157008848647,0.7288155252362812,0.9836659296601512,0
0.41173269183271005,-0.7820157008848647,0.7288155252362812,0.8995990753461246,1
0.41173269183271005,-0.7820157008848647,0.7288155252362812,-1.1028327883875093,1
0.41173269183271005,-0.7820157008848647,-1.3720893221584447,-1.1028327883875093,1
0.41173269183271005,-0.7820157008848647,0.7288155252362812,-1.1028327883875093,1
0.41173269183271005,-0.7820157008848647,0.7288155252362812,0.8570128310868549,1
0.41173269183271005,1.2787467040220322,0.7288155252362812,0.7739084181392666,1
0.41173269183271005,-0.7820157008848647,0.7288155252362812,0.7274859122465168,1
0.41173269183271005,1.2787467040220322,0.7288155252362812,0.4083602628595432,1
-2.428760260810931,-0.7820157008848647,-1.3720893221584447,-1.1028327883875093,0
0.41173269183271005,-0.7820157008848647,0.7288155252362812,0.7403025628300316,1
0.41173269183271005,-0.7820157008848647,-1.3720893221584447,0.7817101717416582,1
-2.428760260810931,1.2787467040220322,-1.3720893221584447,0.8060057200121635,0
-2.428760260810931,-0.7820157008848647,0.7288155252362812,-1.1028327883875093,0
0.41173269183271005,-0.7820157008848647,-1.3720893221584447,-1.1028327883875093,0
0.41173269183271005,1.2787467040220322,-1.3720893221584447,1.6205926146496241,1
0.41173269183271005,1.2787467040220322,-1.3720893221584447,-1.1028327883875093,1
0.41173269183271005,-0.7820157008848647,-1.3720893221584447,-1.1028327883875093,0
0.41173269183271005,1.2787467040220322,-1.3720893221584447,-1.1028327883875093,1
0.41173269183271005,-0.7820157008848647,0.7288155252362812,0.8973385550952929,1
0.41173269183271005,-0.7820157008848647,-1.3720893221584447,-1.1028327883875093,1
-2.428760260810931,1.2787467040220322,0.7288155252362812,-1.1028327883875093,0
-2.428760260810931,-0.7820157008848647,0.7288155252362812,-1.1028327883875093,0
0.41173269183271005,1.2787467040220322,-1.3720893221584447,-1.1028327883875093,0
0.41173269183271005,-0.7820157008848647,0.7288155252362812,-1.1028327883875093,1
-2.428760260810931,-0.7820157008848647,0.7288155252362812,-1.1028327883875093,0
0.41173269183271005,-0.7820157008848647,0.7288155252362812,0.844460889010298,1
-2.428760260810931,1.2787467040220322,0.7288155252362812,0.9939874410057096,0
0.41173269183271005,-0.7820157008848647,-1.3720893221584447,-1.1028327883875093,1
0.41173269183271005,-0.7820157008848647,-1.3720893221584447,-1.1028327883875093,0
0.41173269183271005,-0.7820157008848647,0.7288155252362812,1.6205926146496241,0
0.41173269183271005,-0.7820157008848647,0.7288155252362812,0.943792647679715,1
0.41173269183271005,1.2787467040220322,0.7288155252362812,0.7312301609379434,1
0.41173269183271005,-0.7820157008848647,0.7288155252362812,-1.1028327883875093,1
-2.428760260810931,-0.7820157008848647,-1.3720893221584447,-1.1028327883875093,0
0.41173269183271005,-0.7820157008848647,0.7288155252362812,0.7915319983444571,1
-2.428760260810931,-0.7820157008848647,0.7288155252362812,0.781898193369503,0
0.41173269183271005,1.2787467040220322,0.7288155252362812,-1.1028327883875093,1
0.41173269183271005,-0.7820157008848647,0.7288155252362812,1.0873188268223546,1
0.41173269183271005,-0.7820157008848647,-1.3720893221584447,-1.1028327883875093,0
0.41173269183271005,1.2787467040220322,0.7288155252362812,-1.1028327883875093,1
0.41173269183271005,-0.7820157008848647,0.7288155252362812,-0.4782503539699449,1
0.41173269183271005,-0.7820157008848647,-1.3720893221584447,-1.1028327883875093,1
0.41173269183271005,1.2787467040220322,-1.3720893221584447,-1.1028327883875093,1
-2.428760260810931,-0.7820157008848647,-1.3720893221584447,-1.1028327883875093,0
0.41173269183271005,1.2787467040220322,-1.3720893221584447,-1.1028327883875093,1
0.41173269183271005,1.2787467040220322,0.7288155252362812,0.8892380180790531,1
0.41173269183271005,-0.7820157008848647,-1.3720893221584447,-1.1028327883875093,1
0.41173269183271005,1.2787467040220322,0.7288155252362812,-1.1028327883875093,1
0.41173269183271005,1.2787467040220322,-1.3720893221584447,0.8148076614464741,1
0.41173269183271005,-0.7820157008848647,0.7288155252362812,0.6601089061298024,1
-2.428760260810931,-0.7820157008848647,-1.3720893221584447,-1.1028327883875093,0
0.41173269183271005,-0.7820157008848647,0.7288155252362812,-1.1028327883875093,1
0.41173269183271005,1.2787467040220322,-1.3720893221584447,1.141784923048734,1
0.41173269183271005,-0.7820157008848647,0.7288155252362812,0.8117274363781456,1
0.41173269183271005,1.2787467040220322,-1.3720893221584447,0.8381641713128901,1
0.41173269183271005,1.2787467040220322,-1.3720893221584447,-1.1028327883875093,1
0.41173269183271005,-0.7820157008848647,0.7288155252362812,1.3109385345184927,1
0.41173269183271005,-0.7820157008848647,0.7288155252362812,0.6824521929100188,1
0.41173269183271005,-0.7820157008848647,0.7288155252362812,-1.1028327883875093,1
0.41173269183271005,-0.7820157008848647,0.7288155252362812,0.7221264610802527,0
-2.428760260810931,-0.7820157008848647,0.7288155252362812,0.7898843978648011,0
0.41173269183271005,1.2787467040220322,-1.3720893221584447,0.757531022190166,0
-2.428760260810931,-0.7820157008848647,0.7288155252362812,0.6936900437321141,0
0.41173269183271005,-0.7820157008848647,0.7288155252362812,0.7396627326552435,1
-2.428760260810931,-0.7820157008848647,0.7288155252362812,0.7940788749449881,0
-2.428760260810931,-0.7820157008848647,0.7288155252362812,0.9060319837127125,1
0.41173269183271005,1.2787467040220322,-1.3720893221584447,-1.1028327883875093,1
0.41173269183271005,1.2787467040220322,0.7288155252362812,-1.1028327883875093,1
0.41173269183271005,-0.7820157008848647,0.7288155252362812,-1.1028327883875093,1
0.41173269183271005,-0.7820157008848647,0.7288155252362812,0.9191711115688288,0
0.41173269183271005,-0.7820157008848647,-1.3720893221584447,-1.1028327883875093,1
0.41173269183271005,1.2787467040220322,0.7288155252362812,-1.1028327883875093,0
0.41173269183271005,1.2787467040220322,0.7288155252362812,1.0701823663132586,1
0.41173269183271005,-0.7820157008848647,0.7288155252362812,-1.1028327883875093,1
0.41173269183271005,-0.7820157008848647,0.7288155252362812,0.8678077351226874,1
0.41173269183271005,1.2787467040220322,-1.3720893221584447,-1.1028327883875093,1
-2.428760260810931,1.2787467040220322,-1.3720893221584447,-1.1028327883875093,0
0.41173269183271005,-0.7820157008848647,-1.3720893221584447,-1.1028327883875093,1
-2.428760260810931,-0.7820157008848647,0.7288155252362812,0.7813338098211609,0
0.41173269183271005,1.2787467040220322,0.7288155252362812,-1.1028327883875093,1
0.41173269183271005,1.2787467040220322,0.7288155252362812,0.9601666117765397,1
0.41173269183271005,-0.7820157008848647,0.7288155252362812,0.9040755932024244,0
0.41173269183271005,1.2787467040220322,0.7288155252362812,0.8515596222775266,1
-2.428760260810931,-0.7820157008848647,0.7288155252362812,0.7489250653980526,0
0.41173269183271005,1.2787467040220322,0.7288155252362812,-1.1028327883875093,1
0.41173269183271005,-0.7820157008848647,-1.3720893221584447,-1.1028327883875093,1
0.41173269183271005,-0.7820157008848647,-1.3720893221584447,1.1131711358917977,1
0.41173269183271005,-0.7820157008848647,0.7288155252362812,0.6284107203116713,1
0.41173269183271005,1.2787467040220322,0.7288155252362812,0.7971456205990679,1
-2.428760260810931,1.2787467040220322,0.7288155252362812,0.8183658457407027,0
0.41173269183271005,1.2787467040220322,0.7288155252362812,0.876713167394831,1
0.41173269183271005,-0.7820157008848647,0.7288155252362812,0.7696454506631885,0
0.41173269183271005,-0.7820157008848647,-1.3720893221584447,-1.1028327883875093,1
0.41173269183271005,-0.7820157008848647,0.7288155252362812,-1.1028327883875093,1
0.41173269183271005,1.2787467040220322,0.7288155252362812,0.9851151477733374,1
0.41173269183271005,1.2787467040220322,0.7288155252362812,-1.1028327883875093,1
0.41173269183271005,1.2787467040220322,0.7288155252362812,-1.1028327883875093,1
0.41173269183271005,-0.7820157008848647,0.7288155252362812,0.9021079065424841,1
-2.428760260810931,-0.7820157008848647,-1.3720893221584447,-1.1028327883875093,0
0.41173269183271005,-0.7820157008848647,0.7288155252362812,-1.1028327883875093,0
0.41173269183271005,1.2787467040220322,0.7288155252362812,0.8521699021324511,1
0.41173269183271005,-0.7820157008848647,-1.3720893221584447,-1.1028327883875093,0
0.41173269183271005,1.2787467040220322,-1.3720893221584447,0.9451873410967389,1
0.41173269183271005,-0.7820157008848647,0.7288155252362812,0.6617373052042603,1
0.41173269183271005,-0.7820157008848647,-1.3720893221584447,-1.1028327883875093,1
0.41173269183271005,1.2787467040220322,-1.3720893221584447,-1.1028327883875093,1
-2.428760260810931,-0.7820157008848647,0.7288155252362812,0.8632656208041218,0
0.41173269183271005,1.2787467040220322,0.7288155252362812,0.5965937799960109,1
0.41173269183271005,-0.7820157008848647,0.7288155252362812,0.7880441371980597,1
0.41173269183271005,-0.7820157008848647,0.7288155252362812,0.953438635274526,1
0.41173269183271005,1.2787467040220322,0.7288155252362812,-1.1028327883875093,1
-2.428760260810931,-0.7820157008848647,-1.3720893221584447,1.0961483272762234,0
0.41173269183271005,-0.7820157008848647,-1.3720893221584447,1.0362179997212961,1
0.41173269183271005,1.2787467040220322,-1.3720893221584447,-1.1028327883875093,1
0.41173269183271005,1.2787467040220322,0.7288155252362812,1.176994341654476,1
0.41173269183271005,-0.7820157008848647,0.7288155252362812,1.157175501084828,0
0.41173269183271005,1.2787467040220322,0.7288155252362812,0.7453771128788137,1
0.41173269183271005,-0.7820157008848647,0.7288155252362812,1.0961483272762234,1
0.41173269183271005,-0.7820157008848647,0.7288155252362812,1.2345699819442781,1
0.41173269183271005,-0.7820157008848647,-1.3720893221584447,-1.1028327883875093,0
0.41173269183271005,-0.7820157008848647,0.7288155252362812,0.9706652319490686,1
0.41173269183271005,-0.7820157008848647,-1.3720893221584447,-1.1028327883875093,1
0.41173269183271005,-0.7820157008848647,-1.3720893221584447,0.7014531493140942,0
0.41173269183271005,1.2787467040220322,0.7288155252362812,0.8399075357995335,1
0.41173269183271005,-0.7820157008848647,0.7288155252362812,0.8447726569697166,1
0.41173269183271005,1.2787467040220322,0.7288155252362812,1.234518961446037,0
0.41173269183271005,-0.7820157008848647,-1.3720893221584447,1.0346988022581498,0
0.41173269183271005,-0.7820157008848647,0.7288155252362812,1.0127039756906602,1
0.41173269183271005,1.2787467040220322,0.7288155252362812,0.7752534375195758,1
-2.428760260810931,1.2787467040220322,0.7288155252362812,0.8060057200121635,0
0.41173269183271005,1.2787467040220322,-1.3720893221584447,0.8255359858815533,0
0.41173269183271005,-0.7820157008848647,-1.3720893221584447,-1.1028327883875093,0
0.41173269183271005,1.2787467040220322,0.7288155252362812,0.7957059531190926,1
0.41173269183271005,1.2787467040220322,-1.3720893221584447,-1.1028327883875093,1
0.41173269183271005,-0.7820157008848647,0.7288155252362812,0.732759644321721,1
0.41173269183271005,-0.7820157008848647,0.7288155252362812,1.2591720903317103,1
0.41173269183271005,1.2787467040220322,-1.3720893221584447,0.8527790805778572,0
0.41173269183271005,-0.7820157008848647,0.7288155252362812,-1.1028327883875093,1
0.41173269183271005,1.2787467040220322,0.7288155252362812,-1.1028327883875093,1
-2.428760260810931,1.2787467040220322,0.7288155252362812,0.7340650126011767,1
0.41173269183271005,1.2787467040220322,-1.3720893221584447,0.7050298122626003,1
0.41173269183271005,1.2787467040220322,-1.3720893221584447,-1.1028327883875093,1
0.41173269183271005,-0.7820157008848647,0.7288155252362812,1.1694918355101909,1
0.41173269183271005,-0.7820157008848647,0.7288155252362812,-1.1028327883875093,1
-2.428760260810931,-0.7820157008848647,-1.3720893221584447,-1.1028327883875093,0
0.41173269183271005,1.2787467040220322,-1.3720893221584447,-1.1028327883875093,0
0.41173269183271005,-0.7820157008848647,-1.3720893221584447,-1.1028327883875093,1
0.41173269183271005,-0.7820157008848647,-1.3720893221584447,0.8458615796929152,1
0.41173269183271005,-0.7820157008848647,0.7288155252362812,1.055557820615969,1
0.41173269183271005,1.2787467040220322,-1.3720893221584447,-1.1028327883875093,1
0.41173269183271005,-0.7820157008848647,0.7288155252362812,0.43814269605812317,0
0.41173269183271005,-0.7820157008848647,0.7288155252362812,-1.1028327883875093,1
0.41173269183271005,1.2787467040220322,0.7288155252362812,0.9520771036366436,1
-2.428760260810931,1.2787467040220322,-1.3720893221584447,-1.1028327883875093,0
0.41173269183271005,1.2787467040220322,-1.3720893221584447,-1.1028327883875093,1
0.41173269183271005,-0.7820157008848647,0.7288155252362812,0.9134928247957207,1
0.41173269183271005,1.2787467040220322,0.7288155252362812,0.5007951150037157,1
0.41173269183271005,-0.7820157008848647,0.7288155252362812,0.8312612094082805,1
0.41173269183271005,1.2787467040220322,-1.3720893221584447,-1.1028327883875093,0
0.41173269183271005,-0.7820157008848647,-1.3720893221584447,0.803019550102816,1
-2.428760260810931,1.2787467040220322,-1.3720893221584447,-1.1028327883875093,0
0.41173269183271005,-0.7820157008848647,0.7288155252362812,0.8417991514440706,1
-2.428760260810931,-0.7820157008848647,0.7288155252362812,-1.1028327883875093,0
0.41173269183271005,-0.7820157008848647,0.7288155252362812,0.8939867454780438,1
0.41173269183271005,-0.7820157008848647,0.7288155252362812,0.9952938771458892,1
-2.428760260810931,-0.7820157008848647,0.7288155252362812,0.8882802599573707,0
-2.428760260810931,-0.7820157008848647,0.7288155252362812,1.084688380733196,0
0.41173269183271005,1.2787467040220322,0.7288155252362812,0.6337660918550732,1
0.41173269183271005,-0.7820157008848647,-1.3720893221584447,0.7739084181392666,1
0.41173269183271005,1.2787467040220322,0.7288155252362812,-1.1028327883875093,1
0.41173269183271005,1.2787467040220322,0.7288155252362812,0.9314617098183593,1
0.41173269183271005,1.2787467040220322,0.7288155252362812,0.8845605491995672,1
0.41173269183271005,1.2787467040220322,0.7288155252362812,0.2109233913248089,1
0.41173269183271005,1.2787467040220322,0.7288155252362812,-1.1028327883875093,1
0.41173269183271005,-0.7820157008848647,0.7288155252362812,0.847720161055853,1
0.41173269183271005,1.2787467040220322,-1.3720893221584447,-1.1028327883875093,1
-2.428760260810931,-0.7820157008848647,0.7288155252362812,-1.1028327883875093,0
0.41173269183271005,-0.7820157008848647,0.7288155252362812,-1.1028327883875093,1
0.41173269183271005,-0.7820157008848647,-1.3720893221584447,-1.1028327883875093,1
-2.428760260810931,-0.7820157008848647,0.7288155252362812,0.9104253440927859,0
0.41173269183271005,-0.7820157008848647,-1.3720893221584447,-1.1028327883875093,0
-2.428760260810931,-0.7820157008848647,0.7288155252362812,0.8492611928701941,0
0.41173269183271005,-0.7820157008848647,0.7288155252362812,0.7971456205990679,1
-2.428760260810931,-0.7820157008848647,0.7288155252362812,0.7385935886366213,0
0.41173269183271005,-0.7820157008848647,0.7288155252362812,-1.1028327883875093,1
0.41173269183271005,1.2787467040220322,0.7288155252362812,0.7739084181392666,0
0.41173269183271005,1.2787467040220322,0.7288155252362812,-1.1028327883875093,0
0.41173269183271005,-0.7820157008848647,0.7288155252362812,0.3942162635825598,1
-2.428760260810931,1.2787467040220322,0.7288155252362812,0.8709945910528094,0
0.41173269183271005,-0.7820157008848647,-1.3720893221584447,0.9398099581118128,1
0.41173269183271005,-0.7820157008848647,0.7288155252362812,0.8741517423429819,1
0.41173269183271005,-0.7820157008848647,-1.3720893221584447,0.9601666117765397,1
0.41173269183271005,1.2787467040220322,0.7288155252362812,-1.1028327883875093,1
0.41173269183271005,-0.7820157008848647,-1.3720893221584447,1.8143934252796334,0
0.41173269183271005,1.2787467040220322,0.7288155252362812,-1.1028327883875093,1
0.41173269183271005,-0.7820157008848647,0.7288155252362812,-1.1028327883875093,0
-2.428760260810931,-0.7820157008848647,0.7288155252362812,0.8258657827632699,0
0.41173269183271005,-0.7820157008848647,0.7288155252362812,0.9692621239844916,0
0.41173269183271005,-0.7820157008848647,0.7288155252362812,0.7534608110994876,1
0.41173269183271005,1.2787467040220322,-1.3720893221584447,-1.1028327883875093,1
0.41173269183271005,1.2787467040220322,-1.3720893221584447,-1.1028327883875093,1
-2.428760260810931,1.2787467040220322,0.7288155252362812,-1.1028327883875093,0
0.41173269183271005,1.2787467040220322,0.7288155252362812,1.0115573118589374,1
0.41173269183271005,1.2787467040220322,0.7288155252362812,-1.1028327883875093,0
0.41173269183271005,1.2787467040220322,-1.3720893221584447,-1.1028327883875093,1
0.41173269183271005,-0.7820157008848647,0.7288155252362812,1.000273230211873,1
0.41173269183271005,-0.7820157008848647,0.7288155252362812,-1.1028327883875093,1
0.41173269183271005,-0.7820157008848647,-1.3720893221584447,-1.1028327883875093,1
0.41173269183271005,-0.7820157008848647,0.7288155252362812,0.624183274178991,0
-2.428760260810931,1.2787467040220322,-1.3720893221584447,-1.1028327883875093,0
0.41173269183271005,-0.7820157008848647,0.7288155252362812,-1.1028327883875093,1
0.41173269183271005,-0.7820157008848647,0.7288155252362812,-1.1028327883875093,1
0.41173269183271005,-0.7820157008848647,-1.3720893221584447,1.892786104001417,0
0.41173269183271005,-0.7820157008848647,0.7288155252362812,0.945998303626715,1
0.41173269183271005,-0.7820157008848647,0.7288155252362812,-1.1028327883875093,1
0.41173269183271005,-0.7820157008848647,-1.3720893221584447,1.0873958962566528,1
0.41173269183271005,1.2787467040220322,0.7288155252362812,-1.1028327883875093,1
0.41173269183271005,-0.7820157008848647,0.7288155252362812,1.046498145020166,0
0.41173269183271005,1.2787467040220322,0.7288155252362812,0.9104253440927859,1
0.41173269183271005,-0.7820157008848647,0.7288155252362812,0.7299135089084318,1
0.41173269183271005,-0.7820157008848647,0.7288155252362812,0.8312612094082805,1
0.41173269183271005,-0.7820157008848647,-1.3720893221584447,-1.1028327883875093,1
0.41173269183271005,-0.7820157008848647,0.7288155252362812,-1.1028327883875093,1
0.41173269183271005,-0.7820157008848647,0.7288155252362812,0.20861056951527263,1
0.41173269183271005,-0.7820157008848647,0.7288155252362812,-1.1028327883875093,1
-2.428760260810931,1.2787467040220322,-1.3720893221584447,-1.1028327883875093,0
